2026-06-03 09:54:12,010:WARNING:/var/folders/ng/w2vmc_ks6jzfd1prm5s8p54w0000gn/T/ipykernel_15825/3361786825.py:2: FutureWarning: Treating datetime data as categorical rather than numeric in `.describe` is deprecated and will be removed in a future version of pandas. Specify `datetime_is_numeric=True` to silence this warning and adopt the future behavior now.
  df1.describe(exclude='number')

2026-06-03 09:54:12,822:WARNING:/var/folders/ng/w2vmc_ks6jzfd1prm5s8p54w0000gn/T/ipykernel_15825/3361786825.py:2: FutureWarning: Treating datetime data as categorical rather than numeric in `.describe` is deprecated and will be removed in a future version of pandas. Specify `datetime_is_numeric=True` to silence this warning and adopt the future behavior now.
  df1.describe(exclude='number')

2026-06-03 09:54:14,582:WARNING:
'cuml' is a soft dependency and not included in the pycaret installation. Please run: `pip install cuml` to install.
2026-06-03 09:54:14,582:WARNING:
'cuml' is a soft dependency and not included in the pycaret installation. Please run: `pip install cuml` to install.
2026-06-03 09:54:14,582:WARNING:
'cuml' is a soft dependency and not included in the pycaret installation. Please run: `pip install cuml` to install.
2026-06-03 09:54:14,582:WARNING:
'cuml' is a soft dependency and not included in the pycaret installation. Please run: `pip install cuml` to install.
2026-06-03 09:54:14,955:INFO:PyCaret ClassificationExperiment
2026-06-03 09:54:14,955:INFO:Logging name: clf-default-name
2026-06-03 09:54:14,955:INFO:ML Usecase: MLUsecase.CLASSIFICATION
2026-06-03 09:54:14,955:INFO:version 3.0.4
2026-06-03 09:54:14,955:INFO:Initializing setup()
2026-06-03 09:54:14,955:INFO:self.USI: 576f
2026-06-03 09:54:14,955:INFO:self._variable_keys: {'log_plots_param', 'seed', 'USI', 'idx', 'X_test', 'X_train', 'data', 'y', 'target_param', 'gpu_n_jobs_param', 'is_multiclass', 'memory', 'fold_generator', 'n_jobs_param', '_ml_usecase', 'logging_param', 'X', 'fold_shuffle_param', 'exp_name_log', 'exp_id', '_available_plots', 'html_param', 'gpu_param', 'y_test', 'fix_imbalance', 'pipeline', 'fold_groups_param', 'y_train'}
2026-06-03 09:54:14,955:INFO:Checking environment
2026-06-03 09:54:14,955:INFO:python_version: 3.10.20
2026-06-03 09:54:14,955:INFO:python_build: ('main', 'Mar  5 2026 17:06:34')
2026-06-03 09:54:14,955:INFO:machine: arm64
2026-06-03 09:54:14,955:INFO:platform: macOS-26.5-arm64-arm-64bit
2026-06-03 09:54:14,956:INFO:Memory: svmem(total=8589934592, available=1313472512, percent=84.7, used=3118415872, free=62144512, active=1266614272, inactive=1219903488, wired=1851801600)
2026-06-03 09:54:14,956:INFO:Physical Core: 8
2026-06-03 09:54:14,956:INFO:Logical Core: 8
2026-06-03 09:54:14,956:INFO:Checking libraries
2026-06-03 09:54:14,956:INFO:System:
2026-06-03 09:54:14,956:INFO:    python: 3.10.20 | packaged by conda-forge | (main, Mar  5 2026, 17:06:34) [Clang 19.1.7 ]
2026-06-03 09:54:14,956:INFO:executable: /opt/homebrew/Caskroom/miniforge/base/envs/pyc3/bin/python
2026-06-03 09:54:14,956:INFO:   machine: macOS-26.5-arm64-arm-64bit
2026-06-03 09:54:14,956:INFO:PyCaret required dependencies:
2026-06-03 09:54:14,957:WARNING:/opt/homebrew/Caskroom/miniforge/base/envs/pyc3/lib/python3.10/site-packages/_distutils_hack/__init__.py:26: UserWarning: Setuptools is replacing distutils.
  warnings.warn("Setuptools is replacing distutils.")

2026-06-03 09:54:16,231:INFO:                 pip: 26.0.1
2026-06-03 09:54:16,231:INFO:          setuptools: 69.5.1
2026-06-03 09:54:16,231:INFO:             pycaret: 3.0.4
2026-06-03 09:54:16,231:INFO:             IPython: 8.39.0
2026-06-03 09:54:16,231:INFO:          ipywidgets: 8.1.8
2026-06-03 09:54:16,231:INFO:                tqdm: 4.67.3
2026-06-03 09:54:16,231:INFO:               numpy: 1.23.5
2026-06-03 09:54:16,231:INFO:              pandas: 1.5.3
2026-06-03 09:54:16,231:INFO:              jinja2: 3.1.6
2026-06-03 09:54:16,232:INFO:               scipy: 1.11.4
2026-06-03 09:54:16,232:INFO:              joblib: 1.3.2
2026-06-03 09:54:16,232:INFO:             sklearn: 1.2.2
2026-06-03 09:54:16,232:INFO:                pyod: 3.2.0
2026-06-03 09:54:16,232:INFO:            imblearn: 0.12.4
2026-06-03 09:54:16,232:INFO:   category_encoders: 2.7.0
2026-06-03 09:54:16,232:INFO:            lightgbm: 4.6.0
2026-06-03 09:54:16,232:INFO:               numba: 0.62.1
2026-06-03 09:54:16,232:INFO:            requests: 2.33.1
2026-06-03 09:54:16,232:INFO:          matplotlib: 3.7.4
2026-06-03 09:54:16,232:INFO:          scikitplot: 0.3.7
2026-06-03 09:54:16,232:INFO:         yellowbrick: 1.5
2026-06-03 09:54:16,232:INFO:              plotly: 6.7.0
2026-06-03 09:54:16,232:INFO:    plotly-resampler: Not installed
2026-06-03 09:54:16,232:INFO:             kaleido: 1.2.0
2026-06-03 09:54:16,232:INFO:           schemdraw: 0.15
2026-06-03 09:54:16,232:INFO:         statsmodels: 0.14.6
2026-06-03 09:54:16,232:INFO:              sktime: 0.40.1
2026-06-03 09:54:16,232:INFO:               tbats: 1.1.3
2026-06-03 09:54:16,232:INFO:            pmdarima: 2.1.1
2026-06-03 09:54:16,232:INFO:              psutil: 7.2.2
2026-06-03 09:54:16,232:INFO:          markupsafe: 3.0.3
2026-06-03 09:54:16,232:INFO:             pickle5: Not installed
2026-06-03 09:54:16,232:INFO:         cloudpickle: 3.1.2
2026-06-03 09:54:16,232:INFO:         deprecation: 2.1.0
2026-06-03 09:54:16,232:INFO:              xxhash: 3.6.0
2026-06-03 09:54:16,232:INFO:           wurlitzer: 3.1.1
2026-06-03 09:54:16,232:INFO:PyCaret optional dependencies:
2026-06-03 09:54:16,676:INFO:                shap: 0.49.1
2026-06-03 09:54:16,676:INFO:           interpret: 0.6.6
2026-06-03 09:54:16,676:INFO:                umap: 0.5.7
2026-06-03 09:54:16,676:INFO:    pandas_profiling: 4.18.1
2026-06-03 09:54:16,676:INFO:  explainerdashboard: Not installed
2026-06-03 09:54:16,676:INFO:             autoviz: 0.1.902
2026-06-03 09:54:16,676:INFO:           fairlearn: 0.7.0
2026-06-03 09:54:16,676:INFO:          deepchecks: 0.19.1
2026-06-03 09:54:16,676:INFO:             xgboost: 1.6.2
2026-06-03 09:54:16,676:INFO:            catboost: Not installed
2026-06-03 09:54:16,676:INFO:              kmodes: Not installed
2026-06-03 09:54:16,676:INFO:             mlxtend: Not installed
2026-06-03 09:54:16,676:INFO:       statsforecast: Not installed
2026-06-03 09:54:16,676:INFO:        tune_sklearn: Not installed
2026-06-03 09:54:16,676:INFO:                 ray: Not installed
2026-06-03 09:54:16,676:INFO:            hyperopt: Not installed
2026-06-03 09:54:16,676:INFO:              optuna: Not installed
2026-06-03 09:54:16,676:INFO:               skopt: Not installed
2026-06-03 09:54:16,676:INFO:              mlflow: Not installed
2026-06-03 09:54:16,676:INFO:              gradio: Not installed
2026-06-03 09:54:16,676:INFO:             fastapi: Not installed
2026-06-03 09:54:16,676:INFO:             uvicorn: Not installed
2026-06-03 09:54:16,676:INFO:              m2cgen: Not installed
2026-06-03 09:54:16,676:INFO:           evidently: Not installed
2026-06-03 09:54:16,676:INFO:               fugue: Not installed
2026-06-03 09:54:16,677:INFO:           streamlit: Not installed
2026-06-03 09:54:16,677:INFO:             prophet: Not installed
2026-06-03 09:54:16,677:INFO:None
2026-06-03 09:54:16,677:INFO:Set up data.
2026-06-03 09:54:16,710:INFO:Set up train/test split.
2026-06-03 09:54:16,710:INFO:Set up data.
2026-06-03 09:54:16,749:INFO:Set up index.
2026-06-03 09:54:16,753:INFO:Set up folding strategy.
2026-06-03 09:54:16,753:INFO:Assigning column types.
2026-06-03 09:54:16,766:INFO:Engine successfully changes for model 'lr' to 'sklearn'.
2026-06-03 09:54:16,789:INFO:Engine for model 'knn' has not been set explicitly, hence returning None.
2026-06-03 09:54:16,791:INFO:Engine for model 'rbfsvm' has not been set explicitly, hence returning None.
2026-06-03 09:54:16,810:INFO:Soft dependency imported: xgboost: 1.6.2
2026-06-03 09:54:17,008:WARNING:
'catboost' is a soft dependency and not included in the pycaret installation. Please run: `pip install catboost` to install.
Alternately, you can install this by running `pip install pycaret[models]`
2026-06-03 09:54:17,031:INFO:Engine for model 'knn' has not been set explicitly, hence returning None.
2026-06-03 09:54:17,031:INFO:Engine for model 'rbfsvm' has not been set explicitly, hence returning None.
2026-06-03 09:54:17,046:INFO:Soft dependency imported: xgboost: 1.6.2
2026-06-03 09:54:17,047:WARNING:
'catboost' is a soft dependency and not included in the pycaret installation. Please run: `pip install catboost` to install.
Alternately, you can install this by running `pip install pycaret[models]`
2026-06-03 09:54:17,047:INFO:Engine successfully changes for model 'knn' to 'sklearn'.
2026-06-03 09:54:17,069:INFO:Engine for model 'rbfsvm' has not been set explicitly, hence returning None.
2026-06-03 09:54:17,083:INFO:Soft dependency imported: xgboost: 1.6.2
2026-06-03 09:54:17,085:WARNING:
'catboost' is a soft dependency and not included in the pycaret installation. Please run: `pip install catboost` to install.
Alternately, you can install this by running `pip install pycaret[models]`
2026-06-03 09:54:17,107:INFO:Engine for model 'rbfsvm' has not been set explicitly, hence returning None.
2026-06-03 09:54:17,121:INFO:Soft dependency imported: xgboost: 1.6.2
2026-06-03 09:54:17,123:WARNING:
'catboost' is a soft dependency and not included in the pycaret installation. Please run: `pip install catboost` to install.
Alternately, you can install this by running `pip install pycaret[models]`
2026-06-03 09:54:17,123:INFO:Engine successfully changes for model 'rbfsvm' to 'sklearn'.
2026-06-03 09:54:17,158:INFO:Soft dependency imported: xgboost: 1.6.2
2026-06-03 09:54:17,159:WARNING:
'catboost' is a soft dependency and not included in the pycaret installation. Please run: `pip install catboost` to install.
Alternately, you can install this by running `pip install pycaret[models]`
2026-06-03 09:54:17,194:INFO:Soft dependency imported: xgboost: 1.6.2
2026-06-03 09:54:17,195:WARNING:
'catboost' is a soft dependency and not included in the pycaret installation. Please run: `pip install catboost` to install.
Alternately, you can install this by running `pip install pycaret[models]`
2026-06-03 09:54:17,197:INFO:Preparing preprocessing pipeline...
2026-06-03 09:54:17,200:INFO:Set up simple imputation.
2026-06-03 09:54:17,207:INFO:Set up encoding of categorical features.
2026-06-03 09:54:17,297:INFO:Finished creating preprocessing pipeline.
2026-06-03 09:54:17,300:INFO:Pipeline: Pipeline(memory=FastMemory(location=/var/folders/ng/w2vmc_ks6jzfd1prm5s8p54w0000gn/T/joblib),
         steps=[('numerical_imputer',
                 TransformerWrapper(exclude=None,
                                    include=['membership_years',
                                             'past_latte_ratio',
                                             'past_coupon_usage_rate',
                                             'is_raining', 'is_weekend',
                                             'current_temp',
                                             'station_congestion_index',
                                             'daily_staffing_cost',
                                             'is_treatment', 'app_total_pv',
                                             'is_h...
                                                              fill_value=None,
                                                              keep_empty_features=False,
                                                              missing_values=nan,
                                                              strategy='most_frequent',
                                                              verbose='deprecated'))),
                ('onehot_encoding',
                 TransformerWrapper(exclude=None, include=['store_id'],
                                    transformer=OneHotEncoder(cols=['store_id'],
                                                              drop_invariant=False,
                                                              handle_missing='return_nan',
                                                              handle_unknown='value',
                                                              return_df=True,
                                                              use_cat_names=True,
                                                              verbose=0)))],
         verbose=False)
2026-06-03 09:54:17,300:INFO:Creating final display dataframe.
2026-06-03 09:54:17,636:INFO:Setup _display_container:                     Description             Value
0                    Session id                42
1                        Target      is_purchased
2                   Target type            Binary
3           Original data shape      (140945, 20)
4        Transformed data shape      (140945, 26)
5   Transformed train set shape       (63488, 26)
6    Transformed test set shape       (77457, 26)
7               Ignore features                 3
8              Numeric features                15
9          Categorical features                 1
10     Rows with missing values             13.3%
11                   Preprocess              True
12              Imputation type            simple
13           Numeric imputation              mean
14       Categorical imputation              mode
15     Maximum one-hot encoding                25
16              Encoding method              None
17               Fold Generator   TimeSeriesSplit
18                  Fold Number                 5
19                     CPU Jobs                -1
20                      Use GPU             False
21               Log Experiment             False
22              Experiment Name  clf-default-name
23                          USI              576f
2026-06-03 09:54:17,679:INFO:Soft dependency imported: xgboost: 1.6.2
2026-06-03 09:54:17,680:WARNING:
'catboost' is a soft dependency and not included in the pycaret installation. Please run: `pip install catboost` to install.
Alternately, you can install this by running `pip install pycaret[models]`
2026-06-03 09:54:17,717:INFO:Soft dependency imported: xgboost: 1.6.2
2026-06-03 09:54:17,718:WARNING:
'catboost' is a soft dependency and not included in the pycaret installation. Please run: `pip install catboost` to install.
Alternately, you can install this by running `pip install pycaret[models]`
2026-06-03 09:54:17,719:INFO:setup() successfully completed in 2.77s...............
2026-06-03 09:54:17,726:INFO:Initializing compare_models()
2026-06-03 09:54:17,726:INFO:compare_models(self=<pycaret.classification.oop.ClassificationExperiment object at 0x31f9b3970>, include=None, fold=None, round=4, cross_validation=True, sort=Accuracy, n_select=1, budget_time=None, turbo=True, errors=ignore, fit_kwargs=None, groups=None, experiment_custom_tags=None, probability_threshold=None, verbose=True, parallel=None, caller_params={'self': <pycaret.classification.oop.ClassificationExperiment object at 0x31f9b3970>, 'include': None, 'exclude': None, 'fold': None, 'round': 4, 'cross_validation': True, 'sort': 'Accuracy', 'n_select': 1, 'budget_time': None, 'turbo': True, 'errors': 'ignore', 'fit_kwargs': None, 'groups': None, 'experiment_custom_tags': None, 'probability_threshold': None, 'engine': None, 'verbose': True, 'parallel': None, '__class__': <class 'pycaret.classification.oop.ClassificationExperiment'>}, exclude=None)
2026-06-03 09:54:17,726:INFO:Checking exceptions
2026-06-03 09:54:17,740:INFO:Preparing display monitor
2026-06-03 09:54:17,793:INFO:Initializing Logistic Regression
2026-06-03 09:54:17,793:INFO:Total runtime is 4.1961669921875e-06 minutes
2026-06-03 09:54:17,796:INFO:SubProcess create_model() called ==================================
2026-06-03 09:54:17,796:INFO:Initializing create_model()
2026-06-03 09:54:17,797:INFO:create_model(self=<pycaret.classification.oop.ClassificationExperiment object at 0x31f9b3970>, estimator=lr, fold=TimeSeriesSplit(gap=0, max_train_size=None, n_splits=5, test_size=None), round=4, cross_validation=True, predict=True, fit_kwargs={}, groups=None, refit=False, probability_threshold=None, experiment_custom_tags=None, verbose=False, system=False, add_to_model_list=True, metrics=None, display=<pycaret.internal.display.display.CommonDisplay object at 0x107cbf190>, model_only=True, return_train_score=False, kwargs={})
2026-06-03 09:54:17,797:INFO:Checking exceptions
2026-06-03 09:54:17,797:INFO:Importing libraries
2026-06-03 09:54:17,797:INFO:Copying training dataset
2026-06-03 09:54:17,816:INFO:Defining folds
2026-06-03 09:54:17,816:INFO:Declaring metric variables
2026-06-03 09:54:17,819:INFO:Importing untrained model
2026-06-03 09:54:17,822:INFO:Logistic Regression Imported successfully
2026-06-03 09:54:17,825:INFO:Starting cross validation
2026-06-03 09:54:17,827:INFO:Cross validating with TimeSeriesSplit(gap=0, max_train_size=None, n_splits=5, test_size=None), n_jobs=-1
2026-06-03 09:54:21,734:WARNING:/opt/homebrew/Caskroom/miniforge/base/envs/pyc3/lib/python3.10/site-packages/_distutils_hack/__init__.py:26: UserWarning: Setuptools is replacing distutils.
  warnings.warn("Setuptools is replacing distutils.")

2026-06-03 09:54:21,734:WARNING:/opt/homebrew/Caskroom/miniforge/base/envs/pyc3/lib/python3.10/site-packages/_distutils_hack/__init__.py:26: UserWarning: Setuptools is replacing distutils.
  warnings.warn("Setuptools is replacing distutils.")

2026-06-03 09:54:21,734:WARNING:/opt/homebrew/Caskroom/miniforge/base/envs/pyc3/lib/python3.10/site-packages/_distutils_hack/__init__.py:26: UserWarning: Setuptools is replacing distutils.
  warnings.warn("Setuptools is replacing distutils.")

2026-06-03 09:54:21,734:WARNING:/opt/homebrew/Caskroom/miniforge/base/envs/pyc3/lib/python3.10/site-packages/_distutils_hack/__init__.py:26: UserWarning: Setuptools is replacing distutils.
  warnings.warn("Setuptools is replacing distutils.")

2026-06-03 09:54:21,734:WARNING:/opt/homebrew/Caskroom/miniforge/base/envs/pyc3/lib/python3.10/site-packages/_distutils_hack/__init__.py:26: UserWarning: Setuptools is replacing distutils.
  warnings.warn("Setuptools is replacing distutils.")

2026-06-03 09:54:22,701:WARNING:/opt/homebrew/Caskroom/miniforge/base/envs/pyc3/lib/python3.10/site-packages/sklearn/metrics/_classification.py:1344: UndefinedMetricWarning: Precision is ill-defined and being set to 0.0 due to no predicted samples. Use `zero_division` parameter to control this behavior.
  _warn_prf(average, modifier, msg_start, len(result))

2026-06-03 09:54:22,702:WARNING:/opt/homebrew/Caskroom/miniforge/base/envs/pyc3/lib/python3.10/site-packages/sklearn/metrics/_classification.py:1344: UndefinedMetricWarning: Precision is ill-defined and being set to 0.0 due to no predicted samples. Use `zero_division` parameter to control this behavior.
  _warn_prf(average, modifier, msg_start, len(result))

2026-06-03 09:54:22,740:WARNING:/opt/homebrew/Caskroom/miniforge/base/envs/pyc3/lib/python3.10/site-packages/sklearn/metrics/_classification.py:1344: UndefinedMetricWarning: Precision is ill-defined and being set to 0.0 due to no predicted samples. Use `zero_division` parameter to control this behavior.
  _warn_prf(average, modifier, msg_start, len(result))

2026-06-03 09:54:22,756:WARNING:/opt/homebrew/Caskroom/miniforge/base/envs/pyc3/lib/python3.10/site-packages/sklearn/metrics/_classification.py:1344: UndefinedMetricWarning: Precision is ill-defined and being set to 0.0 due to no predicted samples. Use `zero_division` parameter to control this behavior.
  _warn_prf(average, modifier, msg_start, len(result))

2026-06-03 09:54:22,796:WARNING:/opt/homebrew/Caskroom/miniforge/base/envs/pyc3/lib/python3.10/site-packages/sklearn/metrics/_classification.py:1344: UndefinedMetricWarning: Precision is ill-defined and being set to 0.0 due to no predicted samples. Use `zero_division` parameter to control this behavior.
  _warn_prf(average, modifier, msg_start, len(result))

2026-06-03 09:54:22,935:INFO:Calculating mean and std
2026-06-03 09:54:22,944:INFO:Creating metrics dataframe
2026-06-03 09:54:22,954:INFO:Uploading results into container
2026-06-03 09:54:22,956:INFO:Uploading model into container now
2026-06-03 09:54:22,958:INFO:_master_model_container: 1
2026-06-03 09:54:22,958:INFO:_display_container: 2
2026-06-03 09:54:22,958:INFO:LogisticRegression(C=1.0, class_weight=None, dual=False, fit_intercept=True,
                   intercept_scaling=1, l1_ratio=None, max_iter=1000,
                   multi_class='auto', n_jobs=None, penalty='l2',
                   random_state=42, solver='lbfgs', tol=0.0001, verbose=0,
                   warm_start=False)
2026-06-03 09:54:22,958:INFO:create_model() successfully completed......................................
2026-06-03 09:54:23,100:INFO:SubProcess create_model() end ==================================
2026-06-03 09:54:23,100:INFO:Creating metrics dataframe
2026-06-03 09:54:23,106:INFO:Initializing K Neighbors Classifier
2026-06-03 09:54:23,106:INFO:Total runtime is 0.08856123288472494 minutes
2026-06-03 09:54:23,108:INFO:SubProcess create_model() called ==================================
2026-06-03 09:54:23,108:INFO:Initializing create_model()
2026-06-03 09:54:23,108:INFO:create_model(self=<pycaret.classification.oop.ClassificationExperiment object at 0x31f9b3970>, estimator=knn, fold=TimeSeriesSplit(gap=0, max_train_size=None, n_splits=5, test_size=None), round=4, cross_validation=True, predict=True, fit_kwargs={}, groups=None, refit=False, probability_threshold=None, experiment_custom_tags=None, verbose=False, system=False, add_to_model_list=True, metrics=None, display=<pycaret.internal.display.display.CommonDisplay object at 0x107cbf190>, model_only=True, return_train_score=False, kwargs={})
2026-06-03 09:54:23,109:INFO:Checking exceptions
2026-06-03 09:54:23,109:INFO:Importing libraries
2026-06-03 09:54:23,109:INFO:Copying training dataset
2026-06-03 09:54:23,129:INFO:Defining folds
2026-06-03 09:54:23,129:INFO:Declaring metric variables
2026-06-03 09:54:23,131:INFO:Importing untrained model
2026-06-03 09:54:23,134:INFO:K Neighbors Classifier Imported successfully
2026-06-03 09:54:23,140:INFO:Starting cross validation
2026-06-03 09:54:23,140:INFO:Cross validating with TimeSeriesSplit(gap=0, max_train_size=None, n_splits=5, test_size=None), n_jobs=-1
2026-06-03 09:54:25,448:WARNING:/opt/homebrew/Caskroom/miniforge/base/envs/pyc3/lib/python3.10/site-packages/_distutils_hack/__init__.py:26: UserWarning: Setuptools is replacing distutils.
  warnings.warn("Setuptools is replacing distutils.")

2026-06-03 09:54:25,449:WARNING:/opt/homebrew/Caskroom/miniforge/base/envs/pyc3/lib/python3.10/site-packages/_distutils_hack/__init__.py:26: UserWarning: Setuptools is replacing distutils.
  warnings.warn("Setuptools is replacing distutils.")

2026-06-03 09:54:25,465:WARNING:/opt/homebrew/Caskroom/miniforge/base/envs/pyc3/lib/python3.10/site-packages/_distutils_hack/__init__.py:26: UserWarning: Setuptools is replacing distutils.
  warnings.warn("Setuptools is replacing distutils.")

2026-06-03 09:54:30,012:INFO:Calculating mean and std
2026-06-03 09:54:30,015:INFO:Creating metrics dataframe
2026-06-03 09:54:30,026:INFO:Uploading results into container
2026-06-03 09:54:30,027:INFO:Uploading model into container now
2026-06-03 09:54:30,028:INFO:_master_model_container: 2
2026-06-03 09:54:30,028:INFO:_display_container: 2
2026-06-03 09:54:30,029:INFO:KNeighborsClassifier(algorithm='auto', leaf_size=30, metric='minkowski',
                     metric_params=None, n_jobs=-1, n_neighbors=5, p=2,
                     weights='uniform')
2026-06-03 09:54:30,029:INFO:create_model() successfully completed......................................
2026-06-03 09:54:30,146:INFO:SubProcess create_model() end ==================================
2026-06-03 09:54:30,146:INFO:Creating metrics dataframe
2026-06-03 09:54:30,150:INFO:Initializing Naive Bayes
2026-06-03 09:54:30,150:INFO:Total runtime is 0.20596063137054443 minutes
2026-06-03 09:54:30,152:INFO:SubProcess create_model() called ==================================
2026-06-03 09:54:30,152:INFO:Initializing create_model()
2026-06-03 09:54:30,152:INFO:create_model(self=<pycaret.classification.oop.ClassificationExperiment object at 0x31f9b3970>, estimator=nb, fold=TimeSeriesSplit(gap=0, max_train_size=None, n_splits=5, test_size=None), round=4, cross_validation=True, predict=True, fit_kwargs={}, groups=None, refit=False, probability_threshold=None, experiment_custom_tags=None, verbose=False, system=False, add_to_model_list=True, metrics=None, display=<pycaret.internal.display.display.CommonDisplay object at 0x107cbf190>, model_only=True, return_train_score=False, kwargs={})
2026-06-03 09:54:30,152:INFO:Checking exceptions
2026-06-03 09:54:30,152:INFO:Importing libraries
2026-06-03 09:54:30,152:INFO:Copying training dataset
2026-06-03 09:54:30,169:INFO:Defining folds
2026-06-03 09:54:30,169:INFO:Declaring metric variables
2026-06-03 09:54:30,171:INFO:Importing untrained model
2026-06-03 09:54:30,172:INFO:Naive Bayes Imported successfully
2026-06-03 09:54:30,175:INFO:Starting cross validation
2026-06-03 09:54:30,176:INFO:Cross validating with TimeSeriesSplit(gap=0, max_train_size=None, n_splits=5, test_size=None), n_jobs=-1
2026-06-03 09:54:30,643:INFO:Calculating mean and std
2026-06-03 09:54:30,644:INFO:Creating metrics dataframe
2026-06-03 09:54:30,648:INFO:Uploading results into container
2026-06-03 09:54:30,648:INFO:Uploading model into container now
2026-06-03 09:54:30,649:INFO:_master_model_container: 3
2026-06-03 09:54:30,649:INFO:_display_container: 2
2026-06-03 09:54:30,649:INFO:GaussianNB(priors=None, var_smoothing=1e-09)
2026-06-03 09:54:30,649:INFO:create_model() successfully completed......................................
2026-06-03 09:54:30,729:INFO:SubProcess create_model() end ==================================
2026-06-03 09:54:30,729:INFO:Creating metrics dataframe
2026-06-03 09:54:30,736:INFO:Initializing Decision Tree Classifier
2026-06-03 09:54:30,736:INFO:Total runtime is 0.21571771701176962 minutes
2026-06-03 09:54:30,741:INFO:SubProcess create_model() called ==================================
2026-06-03 09:54:30,742:INFO:Initializing create_model()
2026-06-03 09:54:30,742:INFO:create_model(self=<pycaret.classification.oop.ClassificationExperiment object at 0x31f9b3970>, estimator=dt, fold=TimeSeriesSplit(gap=0, max_train_size=None, n_splits=5, test_size=None), round=4, cross_validation=True, predict=True, fit_kwargs={}, groups=None, refit=False, probability_threshold=None, experiment_custom_tags=None, verbose=False, system=False, add_to_model_list=True, metrics=None, display=<pycaret.internal.display.display.CommonDisplay object at 0x107cbf190>, model_only=True, return_train_score=False, kwargs={})
2026-06-03 09:54:30,742:INFO:Checking exceptions
2026-06-03 09:54:30,742:INFO:Importing libraries
2026-06-03 09:54:30,742:INFO:Copying training dataset
2026-06-03 09:54:30,762:INFO:Defining folds
2026-06-03 09:54:30,762:INFO:Declaring metric variables
2026-06-03 09:54:30,764:INFO:Importing untrained model
2026-06-03 09:54:30,767:INFO:Decision Tree Classifier Imported successfully
2026-06-03 09:54:30,772:INFO:Starting cross validation
2026-06-03 09:54:30,773:INFO:Cross validating with TimeSeriesSplit(gap=0, max_train_size=None, n_splits=5, test_size=None), n_jobs=-1
2026-06-03 09:54:31,868:INFO:Calculating mean and std
2026-06-03 09:54:31,869:INFO:Creating metrics dataframe
2026-06-03 09:54:31,873:INFO:Uploading results into container
2026-06-03 09:54:31,873:INFO:Uploading model into container now
2026-06-03 09:54:31,873:INFO:_master_model_container: 4
2026-06-03 09:54:31,874:INFO:_display_container: 2
2026-06-03 09:54:31,874:INFO:DecisionTreeClassifier(ccp_alpha=0.0, class_weight=None, criterion='gini',
                       max_depth=None, max_features=None, max_leaf_nodes=None,
                       min_impurity_decrease=0.0, min_samples_leaf=1,
                       min_samples_split=2, min_weight_fraction_leaf=0.0,
                       random_state=42, splitter='best')
2026-06-03 09:54:31,874:INFO:create_model() successfully completed......................................
2026-06-03 09:54:31,970:INFO:SubProcess create_model() end ==================================
2026-06-03 09:54:31,970:INFO:Creating metrics dataframe
2026-06-03 09:54:31,975:INFO:Initializing SVM - Linear Kernel
2026-06-03 09:54:31,975:INFO:Total runtime is 0.2363646666208903 minutes
2026-06-03 09:54:31,976:INFO:SubProcess create_model() called ==================================
2026-06-03 09:54:31,976:INFO:Initializing create_model()
2026-06-03 09:54:31,976:INFO:create_model(self=<pycaret.classification.oop.ClassificationExperiment object at 0x31f9b3970>, estimator=svm, fold=TimeSeriesSplit(gap=0, max_train_size=None, n_splits=5, test_size=None), round=4, cross_validation=True, predict=True, fit_kwargs={}, groups=None, refit=False, probability_threshold=None, experiment_custom_tags=None, verbose=False, system=False, add_to_model_list=True, metrics=None, display=<pycaret.internal.display.display.CommonDisplay object at 0x107cbf190>, model_only=True, return_train_score=False, kwargs={})
2026-06-03 09:54:31,976:INFO:Checking exceptions
2026-06-03 09:54:31,976:INFO:Importing libraries
2026-06-03 09:54:31,976:INFO:Copying training dataset
2026-06-03 09:54:31,998:INFO:Defining folds
2026-06-03 09:54:31,998:INFO:Declaring metric variables
2026-06-03 09:54:32,000:INFO:Importing untrained model
2026-06-03 09:54:32,002:INFO:SVM - Linear Kernel Imported successfully
2026-06-03 09:54:32,005:INFO:Starting cross validation
2026-06-03 09:54:32,006:INFO:Cross validating with TimeSeriesSplit(gap=0, max_train_size=None, n_splits=5, test_size=None), n_jobs=-1
2026-06-03 09:54:32,372:WARNING:/opt/homebrew/Caskroom/miniforge/base/envs/pyc3/lib/python3.10/site-packages/pycaret/internal/metrics.py:138: FitFailedWarning: Metric 'make_scorer(roc_auc_score, needs_proba=True, error_score=0.0, average=weighted, multi_class=ovr)' failed and error score 0.0 has been returned instead. If this is a custom metric, this usually means that the error is in the metric code. Full exception below:
Traceback (most recent call last):
  File "/opt/homebrew/Caskroom/miniforge/base/envs/pyc3/lib/python3.10/site-packages/sklearn/metrics/_scorer.py", line 76, in _cached_call
    return cache[method]
KeyError: 'predict_proba'

During handling of the above exception, another exception occurred:

Traceback (most recent call last):
  File "/opt/homebrew/Caskroom/miniforge/base/envs/pyc3/lib/python3.10/site-packages/pycaret/internal/metrics.py", line 130, in _score
    return super()._score(
  File "/opt/homebrew/Caskroom/miniforge/base/envs/pyc3/lib/python3.10/site-packages/sklearn/metrics/_scorer.py", line 316, in _score
    y_pred = method_caller(clf, "predict_proba", X)
  File "/opt/homebrew/Caskroom/miniforge/base/envs/pyc3/lib/python3.10/site-packages/sklearn/metrics/_scorer.py", line 78, in _cached_call
    result = getattr(estimator, method)(*args, **kwargs)
  File "/opt/homebrew/Caskroom/miniforge/base/envs/pyc3/lib/python3.10/site-packages/pycaret/internal/pipeline.py", line 121, in __getattr__
    return getattr(self._final_estimator, name)
  File "/opt/homebrew/Caskroom/miniforge/base/envs/pyc3/lib/python3.10/site-packages/sklearn/utils/_available_if.py", line 32, in __get__
    if not self.check(obj):
  File "/opt/homebrew/Caskroom/miniforge/base/envs/pyc3/lib/python3.10/site-packages/sklearn/linear_model/_stochastic_gradient.py", line 1235, in _check_proba
    raise AttributeError(
AttributeError: probability estimates are not available for loss='hinge'

  warnings.warn(

2026-06-03 09:54:32,382:WARNING:/opt/homebrew/Caskroom/miniforge/base/envs/pyc3/lib/python3.10/site-packages/sklearn/metrics/_classification.py:1344: UndefinedMetricWarning: Precision is ill-defined and being set to 0.0 due to no predicted samples. Use `zero_division` parameter to control this behavior.
  _warn_prf(average, modifier, msg_start, len(result))

2026-06-03 09:54:33,235:WARNING:/opt/homebrew/Caskroom/miniforge/base/envs/pyc3/lib/python3.10/site-packages/pycaret/internal/metrics.py:138: FitFailedWarning: Metric 'make_scorer(roc_auc_score, needs_proba=True, error_score=0.0, average=weighted, multi_class=ovr)' failed and error score 0.0 has been returned instead. If this is a custom metric, this usually means that the error is in the metric code. Full exception below:
Traceback (most recent call last):
  File "/opt/homebrew/Caskroom/miniforge/base/envs/pyc3/lib/python3.10/site-packages/sklearn/metrics/_scorer.py", line 76, in _cached_call
    return cache[method]
KeyError: 'predict_proba'

During handling of the above exception, another exception occurred:

Traceback (most recent call last):
  File "/opt/homebrew/Caskroom/miniforge/base/envs/pyc3/lib/python3.10/site-packages/pycaret/internal/metrics.py", line 130, in _score
    return super()._score(
  File "/opt/homebrew/Caskroom/miniforge/base/envs/pyc3/lib/python3.10/site-packages/sklearn/metrics/_scorer.py", line 316, in _score
    y_pred = method_caller(clf, "predict_proba", X)
  File "/opt/homebrew/Caskroom/miniforge/base/envs/pyc3/lib/python3.10/site-packages/sklearn/metrics/_scorer.py", line 78, in _cached_call
    result = getattr(estimator, method)(*args, **kwargs)
  File "/opt/homebrew/Caskroom/miniforge/base/envs/pyc3/lib/python3.10/site-packages/pycaret/internal/pipeline.py", line 121, in __getattr__
    return getattr(self._final_estimator, name)
  File "/opt/homebrew/Caskroom/miniforge/base/envs/pyc3/lib/python3.10/site-packages/sklearn/utils/_available_if.py", line 32, in __get__
    if not self.check(obj):
  File "/opt/homebrew/Caskroom/miniforge/base/envs/pyc3/lib/python3.10/site-packages/sklearn/linear_model/_stochastic_gradient.py", line 1235, in _check_proba
    raise AttributeError(
AttributeError: probability estimates are not available for loss='hinge'

  warnings.warn(

2026-06-03 09:54:33,257:WARNING:/opt/homebrew/Caskroom/miniforge/base/envs/pyc3/lib/python3.10/site-packages/sklearn/metrics/_classification.py:1344: UndefinedMetricWarning: Precision is ill-defined and being set to 0.0 due to no predicted samples. Use `zero_division` parameter to control this behavior.
  _warn_prf(average, modifier, msg_start, len(result))

2026-06-03 09:54:34,065:WARNING:/opt/homebrew/Caskroom/miniforge/base/envs/pyc3/lib/python3.10/site-packages/pycaret/internal/metrics.py:138: FitFailedWarning: Metric 'make_scorer(roc_auc_score, needs_proba=True, error_score=0.0, average=weighted, multi_class=ovr)' failed and error score 0.0 has been returned instead. If this is a custom metric, this usually means that the error is in the metric code. Full exception below:
Traceback (most recent call last):
  File "/opt/homebrew/Caskroom/miniforge/base/envs/pyc3/lib/python3.10/site-packages/sklearn/metrics/_scorer.py", line 76, in _cached_call
    return cache[method]
KeyError: 'predict_proba'

During handling of the above exception, another exception occurred:

Traceback (most recent call last):
  File "/opt/homebrew/Caskroom/miniforge/base/envs/pyc3/lib/python3.10/site-packages/pycaret/internal/metrics.py", line 130, in _score
    return super()._score(
  File "/opt/homebrew/Caskroom/miniforge/base/envs/pyc3/lib/python3.10/site-packages/sklearn/metrics/_scorer.py", line 316, in _score
    y_pred = method_caller(clf, "predict_proba", X)
  File "/opt/homebrew/Caskroom/miniforge/base/envs/pyc3/lib/python3.10/site-packages/sklearn/metrics/_scorer.py", line 78, in _cached_call
    result = getattr(estimator, method)(*args, **kwargs)
  File "/opt/homebrew/Caskroom/miniforge/base/envs/pyc3/lib/python3.10/site-packages/pycaret/internal/pipeline.py", line 121, in __getattr__
    return getattr(self._final_estimator, name)
  File "/opt/homebrew/Caskroom/miniforge/base/envs/pyc3/lib/python3.10/site-packages/sklearn/utils/_available_if.py", line 32, in __get__
    if not self.check(obj):
  File "/opt/homebrew/Caskroom/miniforge/base/envs/pyc3/lib/python3.10/site-packages/sklearn/linear_model/_stochastic_gradient.py", line 1235, in _check_proba
    raise AttributeError(
AttributeError: probability estimates are not available for loss='hinge'

  warnings.warn(

2026-06-03 09:54:34,855:WARNING:/opt/homebrew/Caskroom/miniforge/base/envs/pyc3/lib/python3.10/site-packages/pycaret/internal/metrics.py:138: FitFailedWarning: Metric 'make_scorer(roc_auc_score, needs_proba=True, error_score=0.0, average=weighted, multi_class=ovr)' failed and error score 0.0 has been returned instead. If this is a custom metric, this usually means that the error is in the metric code. Full exception below:
Traceback (most recent call last):
  File "/opt/homebrew/Caskroom/miniforge/base/envs/pyc3/lib/python3.10/site-packages/sklearn/metrics/_scorer.py", line 76, in _cached_call
    return cache[method]
KeyError: 'predict_proba'

During handling of the above exception, another exception occurred:

Traceback (most recent call last):
  File "/opt/homebrew/Caskroom/miniforge/base/envs/pyc3/lib/python3.10/site-packages/pycaret/internal/metrics.py", line 130, in _score
    return super()._score(
  File "/opt/homebrew/Caskroom/miniforge/base/envs/pyc3/lib/python3.10/site-packages/sklearn/metrics/_scorer.py", line 316, in _score
    y_pred = method_caller(clf, "predict_proba", X)
  File "/opt/homebrew/Caskroom/miniforge/base/envs/pyc3/lib/python3.10/site-packages/sklearn/metrics/_scorer.py", line 78, in _cached_call
    result = getattr(estimator, method)(*args, **kwargs)
  File "/opt/homebrew/Caskroom/miniforge/base/envs/pyc3/lib/python3.10/site-packages/pycaret/internal/pipeline.py", line 121, in __getattr__
    return getattr(self._final_estimator, name)
  File "/opt/homebrew/Caskroom/miniforge/base/envs/pyc3/lib/python3.10/site-packages/sklearn/utils/_available_if.py", line 32, in __get__
    if not self.check(obj):
  File "/opt/homebrew/Caskroom/miniforge/base/envs/pyc3/lib/python3.10/site-packages/sklearn/linear_model/_stochastic_gradient.py", line 1235, in _check_proba
    raise AttributeError(
AttributeError: probability estimates are not available for loss='hinge'

  warnings.warn(

2026-06-03 09:54:34,864:WARNING:/opt/homebrew/Caskroom/miniforge/base/envs/pyc3/lib/python3.10/site-packages/sklearn/metrics/_classification.py:1344: UndefinedMetricWarning: Precision is ill-defined and being set to 0.0 due to no predicted samples. Use `zero_division` parameter to control this behavior.
  _warn_prf(average, modifier, msg_start, len(result))

2026-06-03 09:54:35,190:WARNING:/opt/homebrew/Caskroom/miniforge/base/envs/pyc3/lib/python3.10/site-packages/pycaret/internal/metrics.py:138: FitFailedWarning: Metric 'make_scorer(roc_auc_score, needs_proba=True, error_score=0.0, average=weighted, multi_class=ovr)' failed and error score 0.0 has been returned instead. If this is a custom metric, this usually means that the error is in the metric code. Full exception below:
Traceback (most recent call last):
  File "/opt/homebrew/Caskroom/miniforge/base/envs/pyc3/lib/python3.10/site-packages/sklearn/metrics/_scorer.py", line 76, in _cached_call
    return cache[method]
KeyError: 'predict_proba'

During handling of the above exception, another exception occurred:

Traceback (most recent call last):
  File "/opt/homebrew/Caskroom/miniforge/base/envs/pyc3/lib/python3.10/site-packages/pycaret/internal/metrics.py", line 130, in _score
    return super()._score(
  File "/opt/homebrew/Caskroom/miniforge/base/envs/pyc3/lib/python3.10/site-packages/sklearn/metrics/_scorer.py", line 316, in _score
    y_pred = method_caller(clf, "predict_proba", X)
  File "/opt/homebrew/Caskroom/miniforge/base/envs/pyc3/lib/python3.10/site-packages/sklearn/metrics/_scorer.py", line 78, in _cached_call
    result = getattr(estimator, method)(*args, **kwargs)
  File "/opt/homebrew/Caskroom/miniforge/base/envs/pyc3/lib/python3.10/site-packages/pycaret/internal/pipeline.py", line 121, in __getattr__
    return getattr(self._final_estimator, name)
  File "/opt/homebrew/Caskroom/miniforge/base/envs/pyc3/lib/python3.10/site-packages/sklearn/utils/_available_if.py", line 32, in __get__
    if not self.check(obj):
  File "/opt/homebrew/Caskroom/miniforge/base/envs/pyc3/lib/python3.10/site-packages/sklearn/linear_model/_stochastic_gradient.py", line 1235, in _check_proba
    raise AttributeError(
AttributeError: probability estimates are not available for loss='hinge'

  warnings.warn(

2026-06-03 09:54:35,199:WARNING:/opt/homebrew/Caskroom/miniforge/base/envs/pyc3/lib/python3.10/site-packages/sklearn/metrics/_classification.py:1344: UndefinedMetricWarning: Precision is ill-defined and being set to 0.0 due to no predicted samples. Use `zero_division` parameter to control this behavior.
  _warn_prf(average, modifier, msg_start, len(result))

2026-06-03 09:54:35,326:INFO:Calculating mean and std
2026-06-03 09:54:35,329:INFO:Creating metrics dataframe
2026-06-03 09:54:35,340:INFO:Uploading results into container
2026-06-03 09:54:35,341:INFO:Uploading model into container now
2026-06-03 09:54:35,341:INFO:_master_model_container: 5
2026-06-03 09:54:35,341:INFO:_display_container: 2
2026-06-03 09:54:35,342:INFO:SGDClassifier(alpha=0.0001, average=False, class_weight=None,
              early_stopping=False, epsilon=0.1, eta0=0.001, fit_intercept=True,
              l1_ratio=0.15, learning_rate='optimal', loss='hinge',
              max_iter=1000, n_iter_no_change=5, n_jobs=-1, penalty='l2',
              power_t=0.5, random_state=42, shuffle=True, tol=0.001,
              validation_fraction=0.1, verbose=0, warm_start=False)
2026-06-03 09:54:35,342:INFO:create_model() successfully completed......................................
2026-06-03 09:54:35,493:INFO:SubProcess create_model() end ==================================
2026-06-03 09:54:35,493:INFO:Creating metrics dataframe
2026-06-03 09:54:35,499:INFO:Initializing Ridge Classifier
2026-06-03 09:54:35,499:INFO:Total runtime is 0.2951101144154867 minutes
2026-06-03 09:54:35,501:INFO:SubProcess create_model() called ==================================
2026-06-03 09:54:35,502:INFO:Initializing create_model()
2026-06-03 09:54:35,502:INFO:create_model(self=<pycaret.classification.oop.ClassificationExperiment object at 0x31f9b3970>, estimator=ridge, fold=TimeSeriesSplit(gap=0, max_train_size=None, n_splits=5, test_size=None), round=4, cross_validation=True, predict=True, fit_kwargs={}, groups=None, refit=False, probability_threshold=None, experiment_custom_tags=None, verbose=False, system=False, add_to_model_list=True, metrics=None, display=<pycaret.internal.display.display.CommonDisplay object at 0x107cbf190>, model_only=True, return_train_score=False, kwargs={})
2026-06-03 09:54:35,502:INFO:Checking exceptions
2026-06-03 09:54:35,502:INFO:Importing libraries
2026-06-03 09:54:35,502:INFO:Copying training dataset
2026-06-03 09:54:35,528:INFO:Defining folds
2026-06-03 09:54:35,529:INFO:Declaring metric variables
2026-06-03 09:54:35,531:INFO:Importing untrained model
2026-06-03 09:54:35,534:INFO:Ridge Classifier Imported successfully
2026-06-03 09:54:35,540:INFO:Starting cross validation
2026-06-03 09:54:35,542:INFO:Cross validating with TimeSeriesSplit(gap=0, max_train_size=None, n_splits=5, test_size=None), n_jobs=-1
2026-06-03 09:54:35,744:WARNING:/opt/homebrew/Caskroom/miniforge/base/envs/pyc3/lib/python3.10/site-packages/pycaret/internal/metrics.py:138: FitFailedWarning: Metric 'make_scorer(roc_auc_score, needs_proba=True, error_score=0.0, average=weighted, multi_class=ovr)' failed and error score 0.0 has been returned instead. If this is a custom metric, this usually means that the error is in the metric code. Full exception below:
Traceback (most recent call last):
  File "/opt/homebrew/Caskroom/miniforge/base/envs/pyc3/lib/python3.10/site-packages/sklearn/metrics/_scorer.py", line 76, in _cached_call
    return cache[method]
KeyError: 'predict_proba'

During handling of the above exception, another exception occurred:

Traceback (most recent call last):
  File "/opt/homebrew/Caskroom/miniforge/base/envs/pyc3/lib/python3.10/site-packages/pycaret/internal/metrics.py", line 130, in _score
    return super()._score(
  File "/opt/homebrew/Caskroom/miniforge/base/envs/pyc3/lib/python3.10/site-packages/sklearn/metrics/_scorer.py", line 316, in _score
    y_pred = method_caller(clf, "predict_proba", X)
  File "/opt/homebrew/Caskroom/miniforge/base/envs/pyc3/lib/python3.10/site-packages/sklearn/metrics/_scorer.py", line 78, in _cached_call
    result = getattr(estimator, method)(*args, **kwargs)
  File "/opt/homebrew/Caskroom/miniforge/base/envs/pyc3/lib/python3.10/site-packages/pycaret/internal/pipeline.py", line 121, in __getattr__
    return getattr(self._final_estimator, name)
AttributeError: 'RidgeClassifier' object has no attribute 'predict_proba'

  warnings.warn(

2026-06-03 09:54:35,765:WARNING:/opt/homebrew/Caskroom/miniforge/base/envs/pyc3/lib/python3.10/site-packages/pycaret/internal/metrics.py:138: FitFailedWarning: Metric 'make_scorer(roc_auc_score, needs_proba=True, error_score=0.0, average=weighted, multi_class=ovr)' failed and error score 0.0 has been returned instead. If this is a custom metric, this usually means that the error is in the metric code. Full exception below:
Traceback (most recent call last):
  File "/opt/homebrew/Caskroom/miniforge/base/envs/pyc3/lib/python3.10/site-packages/sklearn/metrics/_scorer.py", line 76, in _cached_call
    return cache[method]
KeyError: 'predict_proba'

During handling of the above exception, another exception occurred:

Traceback (most recent call last):
  File "/opt/homebrew/Caskroom/miniforge/base/envs/pyc3/lib/python3.10/site-packages/pycaret/internal/metrics.py", line 130, in _score
    return super()._score(
  File "/opt/homebrew/Caskroom/miniforge/base/envs/pyc3/lib/python3.10/site-packages/sklearn/metrics/_scorer.py", line 316, in _score
    y_pred = method_caller(clf, "predict_proba", X)
  File "/opt/homebrew/Caskroom/miniforge/base/envs/pyc3/lib/python3.10/site-packages/sklearn/metrics/_scorer.py", line 78, in _cached_call
    result = getattr(estimator, method)(*args, **kwargs)
  File "/opt/homebrew/Caskroom/miniforge/base/envs/pyc3/lib/python3.10/site-packages/pycaret/internal/pipeline.py", line 121, in __getattr__
    return getattr(self._final_estimator, name)
AttributeError: 'RidgeClassifier' object has no attribute 'predict_proba'

  warnings.warn(

2026-06-03 09:54:35,785:WARNING:/opt/homebrew/Caskroom/miniforge/base/envs/pyc3/lib/python3.10/site-packages/pycaret/internal/metrics.py:138: FitFailedWarning: Metric 'make_scorer(roc_auc_score, needs_proba=True, error_score=0.0, average=weighted, multi_class=ovr)' failed and error score 0.0 has been returned instead. If this is a custom metric, this usually means that the error is in the metric code. Full exception below:
Traceback (most recent call last):
  File "/opt/homebrew/Caskroom/miniforge/base/envs/pyc3/lib/python3.10/site-packages/sklearn/metrics/_scorer.py", line 76, in _cached_call
    return cache[method]
KeyError: 'predict_proba'

During handling of the above exception, another exception occurred:

Traceback (most recent call last):
  File "/opt/homebrew/Caskroom/miniforge/base/envs/pyc3/lib/python3.10/site-packages/pycaret/internal/metrics.py", line 130, in _score
    return super()._score(
  File "/opt/homebrew/Caskroom/miniforge/base/envs/pyc3/lib/python3.10/site-packages/sklearn/metrics/_scorer.py", line 316, in _score
    y_pred = method_caller(clf, "predict_proba", X)
  File "/opt/homebrew/Caskroom/miniforge/base/envs/pyc3/lib/python3.10/site-packages/sklearn/metrics/_scorer.py", line 78, in _cached_call
    result = getattr(estimator, method)(*args, **kwargs)
  File "/opt/homebrew/Caskroom/miniforge/base/envs/pyc3/lib/python3.10/site-packages/pycaret/internal/pipeline.py", line 121, in __getattr__
    return getattr(self._final_estimator, name)
AttributeError: 'RidgeClassifier' object has no attribute 'predict_proba'

  warnings.warn(

2026-06-03 09:54:35,834:WARNING:/opt/homebrew/Caskroom/miniforge/base/envs/pyc3/lib/python3.10/site-packages/pycaret/internal/metrics.py:138: FitFailedWarning: Metric 'make_scorer(roc_auc_score, needs_proba=True, error_score=0.0, average=weighted, multi_class=ovr)' failed and error score 0.0 has been returned instead. If this is a custom metric, this usually means that the error is in the metric code. Full exception below:
Traceback (most recent call last):
  File "/opt/homebrew/Caskroom/miniforge/base/envs/pyc3/lib/python3.10/site-packages/sklearn/metrics/_scorer.py", line 76, in _cached_call
    return cache[method]
KeyError: 'predict_proba'

During handling of the above exception, another exception occurred:

Traceback (most recent call last):
  File "/opt/homebrew/Caskroom/miniforge/base/envs/pyc3/lib/python3.10/site-packages/pycaret/internal/metrics.py", line 130, in _score
    return super()._score(
  File "/opt/homebrew/Caskroom/miniforge/base/envs/pyc3/lib/python3.10/site-packages/sklearn/metrics/_scorer.py", line 316, in _score
    y_pred = method_caller(clf, "predict_proba", X)
  File "/opt/homebrew/Caskroom/miniforge/base/envs/pyc3/lib/python3.10/site-packages/sklearn/metrics/_scorer.py", line 78, in _cached_call
    result = getattr(estimator, method)(*args, **kwargs)
  File "/opt/homebrew/Caskroom/miniforge/base/envs/pyc3/lib/python3.10/site-packages/pycaret/internal/pipeline.py", line 121, in __getattr__
    return getattr(self._final_estimator, name)
AttributeError: 'RidgeClassifier' object has no attribute 'predict_proba'

  warnings.warn(

2026-06-03 09:54:35,835:WARNING:/opt/homebrew/Caskroom/miniforge/base/envs/pyc3/lib/python3.10/site-packages/pycaret/internal/metrics.py:138: FitFailedWarning: Metric 'make_scorer(roc_auc_score, needs_proba=True, error_score=0.0, average=weighted, multi_class=ovr)' failed and error score 0.0 has been returned instead. If this is a custom metric, this usually means that the error is in the metric code. Full exception below:
Traceback (most recent call last):
  File "/opt/homebrew/Caskroom/miniforge/base/envs/pyc3/lib/python3.10/site-packages/sklearn/metrics/_scorer.py", line 76, in _cached_call
    return cache[method]
KeyError: 'predict_proba'

During handling of the above exception, another exception occurred:

Traceback (most recent call last):
  File "/opt/homebrew/Caskroom/miniforge/base/envs/pyc3/lib/python3.10/site-packages/pycaret/internal/metrics.py", line 130, in _score
    return super()._score(
  File "/opt/homebrew/Caskroom/miniforge/base/envs/pyc3/lib/python3.10/site-packages/sklearn/metrics/_scorer.py", line 316, in _score
    y_pred = method_caller(clf, "predict_proba", X)
  File "/opt/homebrew/Caskroom/miniforge/base/envs/pyc3/lib/python3.10/site-packages/sklearn/metrics/_scorer.py", line 78, in _cached_call
    result = getattr(estimator, method)(*args, **kwargs)
  File "/opt/homebrew/Caskroom/miniforge/base/envs/pyc3/lib/python3.10/site-packages/pycaret/internal/pipeline.py", line 121, in __getattr__
    return getattr(self._final_estimator, name)
AttributeError: 'RidgeClassifier' object has no attribute 'predict_proba'

  warnings.warn(

2026-06-03 09:54:35,962:INFO:Calculating mean and std
2026-06-03 09:54:35,964:INFO:Creating metrics dataframe
2026-06-03 09:54:35,969:INFO:Uploading results into container
2026-06-03 09:54:35,970:INFO:Uploading model into container now
2026-06-03 09:54:35,970:INFO:_master_model_container: 6
2026-06-03 09:54:35,970:INFO:_display_container: 2
2026-06-03 09:54:35,971:INFO:RidgeClassifier(alpha=1.0, class_weight=None, copy_X=True, fit_intercept=True,
                max_iter=None, positive=False, random_state=42, solver='auto',
                tol=0.0001)
2026-06-03 09:54:35,971:INFO:create_model() successfully completed......................................
2026-06-03 09:54:36,042:INFO:SubProcess create_model() end ==================================
2026-06-03 09:54:36,042:INFO:Creating metrics dataframe
2026-06-03 09:54:36,049:INFO:Initializing Random Forest Classifier
2026-06-03 09:54:36,049:INFO:Total runtime is 0.3042790134747823 minutes
2026-06-03 09:54:36,051:INFO:SubProcess create_model() called ==================================
2026-06-03 09:54:36,051:INFO:Initializing create_model()
2026-06-03 09:54:36,052:INFO:create_model(self=<pycaret.classification.oop.ClassificationExperiment object at 0x31f9b3970>, estimator=rf, fold=TimeSeriesSplit(gap=0, max_train_size=None, n_splits=5, test_size=None), round=4, cross_validation=True, predict=True, fit_kwargs={}, groups=None, refit=False, probability_threshold=None, experiment_custom_tags=None, verbose=False, system=False, add_to_model_list=True, metrics=None, display=<pycaret.internal.display.display.CommonDisplay object at 0x107cbf190>, model_only=True, return_train_score=False, kwargs={})
2026-06-03 09:54:36,052:INFO:Checking exceptions
2026-06-03 09:54:36,052:INFO:Importing libraries
2026-06-03 09:54:36,052:INFO:Copying training dataset
2026-06-03 09:54:36,071:INFO:Defining folds
2026-06-03 09:54:36,071:INFO:Declaring metric variables
2026-06-03 09:54:36,073:INFO:Importing untrained model
2026-06-03 09:54:36,075:INFO:Random Forest Classifier Imported successfully
2026-06-03 09:54:36,081:INFO:Starting cross validation
2026-06-03 09:54:36,082:INFO:Cross validating with TimeSeriesSplit(gap=0, max_train_size=None, n_splits=5, test_size=None), n_jobs=-1
2026-06-03 09:54:39,850:WARNING:/opt/homebrew/Caskroom/miniforge/base/envs/pyc3/lib/python3.10/site-packages/pycaret/internal/pipeline.py:260: UserWarning: Persisting input arguments took 0.56s to run.If this happens often in your code, it can cause performance problems (results will be correct in all cases). The reason for this is probably some large input arguments for a wrapped function.
  fitted_estimator = self._memory_fit(

2026-06-03 09:54:42,461:INFO:Calculating mean and std
2026-06-03 09:54:42,463:INFO:Creating metrics dataframe
2026-06-03 09:54:42,480:INFO:Uploading results into container
2026-06-03 09:54:42,481:INFO:Uploading model into container now
2026-06-03 09:54:42,481:INFO:_master_model_container: 7
2026-06-03 09:54:42,481:INFO:_display_container: 2
2026-06-03 09:54:42,482:INFO:RandomForestClassifier(bootstrap=True, ccp_alpha=0.0, class_weight=None,
                       criterion='gini', max_depth=None, max_features='sqrt',
                       max_leaf_nodes=None, max_samples=None,
                       min_impurity_decrease=0.0, min_samples_leaf=1,
                       min_samples_split=2, min_weight_fraction_leaf=0.0,
                       n_estimators=100, n_jobs=-1, oob_score=False,
                       random_state=42, verbose=0, warm_start=False)
2026-06-03 09:54:42,482:INFO:create_model() successfully completed......................................
2026-06-03 09:54:42,687:INFO:SubProcess create_model() end ==================================
2026-06-03 09:54:42,688:INFO:Creating metrics dataframe
2026-06-03 09:54:42,700:INFO:Initializing Quadratic Discriminant Analysis
2026-06-03 09:54:42,700:INFO:Total runtime is 0.41512051423390706 minutes
2026-06-03 09:54:42,710:INFO:SubProcess create_model() called ==================================
2026-06-03 09:54:42,710:INFO:Initializing create_model()
2026-06-03 09:54:42,710:INFO:create_model(self=<pycaret.classification.oop.ClassificationExperiment object at 0x31f9b3970>, estimator=qda, fold=TimeSeriesSplit(gap=0, max_train_size=None, n_splits=5, test_size=None), round=4, cross_validation=True, predict=True, fit_kwargs={}, groups=None, refit=False, probability_threshold=None, experiment_custom_tags=None, verbose=False, system=False, add_to_model_list=True, metrics=None, display=<pycaret.internal.display.display.CommonDisplay object at 0x107cbf190>, model_only=True, return_train_score=False, kwargs={})
2026-06-03 09:54:42,710:INFO:Checking exceptions
2026-06-03 09:54:42,711:INFO:Importing libraries
2026-06-03 09:54:42,711:INFO:Copying training dataset
2026-06-03 09:54:42,739:INFO:Defining folds
2026-06-03 09:54:42,739:INFO:Declaring metric variables
2026-06-03 09:54:42,741:INFO:Importing untrained model
2026-06-03 09:54:42,744:INFO:Quadratic Discriminant Analysis Imported successfully
2026-06-03 09:54:42,748:INFO:Starting cross validation
2026-06-03 09:54:42,749:INFO:Cross validating with TimeSeriesSplit(gap=0, max_train_size=None, n_splits=5, test_size=None), n_jobs=-1
2026-06-03 09:54:42,878:WARNING:/opt/homebrew/Caskroom/miniforge/base/envs/pyc3/lib/python3.10/site-packages/sklearn/discriminant_analysis.py:926: UserWarning: Variables are collinear
  warnings.warn("Variables are collinear")

2026-06-03 09:54:42,907:WARNING:/opt/homebrew/Caskroom/miniforge/base/envs/pyc3/lib/python3.10/site-packages/sklearn/discriminant_analysis.py:926: UserWarning: Variables are collinear
  warnings.warn("Variables are collinear")

2026-06-03 09:54:42,932:WARNING:/opt/homebrew/Caskroom/miniforge/base/envs/pyc3/lib/python3.10/site-packages/sklearn/discriminant_analysis.py:926: UserWarning: Variables are collinear
  warnings.warn("Variables are collinear")

2026-06-03 09:54:42,998:WARNING:/opt/homebrew/Caskroom/miniforge/base/envs/pyc3/lib/python3.10/site-packages/sklearn/discriminant_analysis.py:926: UserWarning: Variables are collinear
  warnings.warn("Variables are collinear")

2026-06-03 09:54:43,039:WARNING:/opt/homebrew/Caskroom/miniforge/base/envs/pyc3/lib/python3.10/site-packages/sklearn/discriminant_analysis.py:926: UserWarning: Variables are collinear
  warnings.warn("Variables are collinear")

2026-06-03 09:54:43,278:INFO:Calculating mean and std
2026-06-03 09:54:43,279:INFO:Creating metrics dataframe
2026-06-03 09:54:43,287:INFO:Uploading results into container
2026-06-03 09:54:43,287:INFO:Uploading model into container now
2026-06-03 09:54:43,288:INFO:_master_model_container: 8
2026-06-03 09:54:43,288:INFO:_display_container: 2
2026-06-03 09:54:43,288:INFO:QuadraticDiscriminantAnalysis(priors=None, reg_param=0.0,
                              store_covariance=False, tol=0.0001)
2026-06-03 09:54:43,288:INFO:create_model() successfully completed......................................
2026-06-03 09:54:43,353:INFO:SubProcess create_model() end ==================================
2026-06-03 09:54:43,353:INFO:Creating metrics dataframe
2026-06-03 09:54:43,359:INFO:Initializing Ada Boost Classifier
2026-06-03 09:54:43,359:INFO:Total runtime is 0.426111114025116 minutes
2026-06-03 09:54:43,361:INFO:SubProcess create_model() called ==================================
2026-06-03 09:54:43,362:INFO:Initializing create_model()
2026-06-03 09:54:43,362:INFO:create_model(self=<pycaret.classification.oop.ClassificationExperiment object at 0x31f9b3970>, estimator=ada, fold=TimeSeriesSplit(gap=0, max_train_size=None, n_splits=5, test_size=None), round=4, cross_validation=True, predict=True, fit_kwargs={}, groups=None, refit=False, probability_threshold=None, experiment_custom_tags=None, verbose=False, system=False, add_to_model_list=True, metrics=None, display=<pycaret.internal.display.display.CommonDisplay object at 0x107cbf190>, model_only=True, return_train_score=False, kwargs={})
2026-06-03 09:54:43,362:INFO:Checking exceptions
2026-06-03 09:54:43,362:INFO:Importing libraries
2026-06-03 09:54:43,362:INFO:Copying training dataset
2026-06-03 09:54:43,380:INFO:Defining folds
2026-06-03 09:54:43,380:INFO:Declaring metric variables
2026-06-03 09:54:43,381:INFO:Importing untrained model
2026-06-03 09:54:43,384:INFO:Ada Boost Classifier Imported successfully
2026-06-03 09:54:43,388:INFO:Starting cross validation
2026-06-03 09:54:43,389:INFO:Cross validating with TimeSeriesSplit(gap=0, max_train_size=None, n_splits=5, test_size=None), n_jobs=-1
2026-06-03 09:54:46,085:INFO:Calculating mean and std
2026-06-03 09:54:46,090:INFO:Creating metrics dataframe
2026-06-03 09:54:46,106:INFO:Uploading results into container
2026-06-03 09:54:46,108:INFO:Uploading model into container now
2026-06-03 09:54:46,109:INFO:_master_model_container: 9
2026-06-03 09:54:46,109:INFO:_display_container: 2
2026-06-03 09:54:46,109:INFO:AdaBoostClassifier(algorithm='SAMME.R', base_estimator='deprecated',
                   estimator=None, learning_rate=1.0, n_estimators=50,
                   random_state=42)
2026-06-03 09:54:46,109:INFO:create_model() successfully completed......................................
2026-06-03 09:54:46,221:INFO:SubProcess create_model() end ==================================
2026-06-03 09:54:46,221:INFO:Creating metrics dataframe
2026-06-03 09:54:46,227:INFO:Initializing Gradient Boosting Classifier
2026-06-03 09:54:46,227:INFO:Total runtime is 0.47391093174616494 minutes
2026-06-03 09:54:46,229:INFO:SubProcess create_model() called ==================================
2026-06-03 09:54:46,229:INFO:Initializing create_model()
2026-06-03 09:54:46,229:INFO:create_model(self=<pycaret.classification.oop.ClassificationExperiment object at 0x31f9b3970>, estimator=gbc, fold=TimeSeriesSplit(gap=0, max_train_size=None, n_splits=5, test_size=None), round=4, cross_validation=True, predict=True, fit_kwargs={}, groups=None, refit=False, probability_threshold=None, experiment_custom_tags=None, verbose=False, system=False, add_to_model_list=True, metrics=None, display=<pycaret.internal.display.display.CommonDisplay object at 0x107cbf190>, model_only=True, return_train_score=False, kwargs={})
2026-06-03 09:54:46,229:INFO:Checking exceptions
2026-06-03 09:54:46,229:INFO:Importing libraries
2026-06-03 09:54:46,229:INFO:Copying training dataset
2026-06-03 09:54:46,248:INFO:Defining folds
2026-06-03 09:54:46,249:INFO:Declaring metric variables
2026-06-03 09:54:46,250:INFO:Importing untrained model
2026-06-03 09:54:46,254:INFO:Gradient Boosting Classifier Imported successfully
2026-06-03 09:54:46,258:INFO:Starting cross validation
2026-06-03 09:54:46,259:INFO:Cross validating with TimeSeriesSplit(gap=0, max_train_size=None, n_splits=5, test_size=None), n_jobs=-1
2026-06-03 09:54:55,085:INFO:Calculating mean and std
2026-06-03 09:54:55,087:INFO:Creating metrics dataframe
2026-06-03 09:54:55,096:INFO:Uploading results into container
2026-06-03 09:54:55,097:INFO:Uploading model into container now
2026-06-03 09:54:55,097:INFO:_master_model_container: 10
2026-06-03 09:54:55,097:INFO:_display_container: 2
2026-06-03 09:54:55,097:INFO:GradientBoostingClassifier(ccp_alpha=0.0, criterion='friedman_mse', init=None,
                           learning_rate=0.1, loss='log_loss', max_depth=3,
                           max_features=None, max_leaf_nodes=None,
                           min_impurity_decrease=0.0, min_samples_leaf=1,
                           min_samples_split=2, min_weight_fraction_leaf=0.0,
                           n_estimators=100, n_iter_no_change=None,
                           random_state=42, subsample=1.0, tol=0.0001,
                           validation_fraction=0.1, verbose=0,
                           warm_start=False)
2026-06-03 09:54:55,097:INFO:create_model() successfully completed......................................
2026-06-03 09:54:55,190:INFO:SubProcess create_model() end ==================================
2026-06-03 09:54:55,190:INFO:Creating metrics dataframe
2026-06-03 09:54:55,196:INFO:Initializing Linear Discriminant Analysis
2026-06-03 09:54:55,197:INFO:Total runtime is 0.6233983318010966 minutes
2026-06-03 09:54:55,199:INFO:SubProcess create_model() called ==================================
2026-06-03 09:54:55,200:INFO:Initializing create_model()
2026-06-03 09:54:55,200:INFO:create_model(self=<pycaret.classification.oop.ClassificationExperiment object at 0x31f9b3970>, estimator=lda, fold=TimeSeriesSplit(gap=0, max_train_size=None, n_splits=5, test_size=None), round=4, cross_validation=True, predict=True, fit_kwargs={}, groups=None, refit=False, probability_threshold=None, experiment_custom_tags=None, verbose=False, system=False, add_to_model_list=True, metrics=None, display=<pycaret.internal.display.display.CommonDisplay object at 0x107cbf190>, model_only=True, return_train_score=False, kwargs={})
2026-06-03 09:54:55,200:INFO:Checking exceptions
2026-06-03 09:54:55,200:INFO:Importing libraries
2026-06-03 09:54:55,200:INFO:Copying training dataset
2026-06-03 09:54:55,219:INFO:Defining folds
2026-06-03 09:54:55,219:INFO:Declaring metric variables
2026-06-03 09:54:55,221:INFO:Importing untrained model
2026-06-03 09:54:55,224:INFO:Linear Discriminant Analysis Imported successfully
2026-06-03 09:54:55,229:INFO:Starting cross validation
2026-06-03 09:54:55,230:INFO:Cross validating with TimeSeriesSplit(gap=0, max_train_size=None, n_splits=5, test_size=None), n_jobs=-1
2026-06-03 09:54:55,892:INFO:Calculating mean and std
2026-06-03 09:54:55,893:INFO:Creating metrics dataframe
2026-06-03 09:54:55,903:INFO:Uploading results into container
2026-06-03 09:54:55,903:INFO:Uploading model into container now
2026-06-03 09:54:55,903:INFO:_master_model_container: 11
2026-06-03 09:54:55,903:INFO:_display_container: 2
2026-06-03 09:54:55,904:INFO:LinearDiscriminantAnalysis(covariance_estimator=None, n_components=None,
                           priors=None, shrinkage=None, solver='svd',
                           store_covariance=False, tol=0.0001)
2026-06-03 09:54:55,904:INFO:create_model() successfully completed......................................
2026-06-03 09:54:55,970:INFO:SubProcess create_model() end ==================================
2026-06-03 09:54:55,970:INFO:Creating metrics dataframe
2026-06-03 09:54:55,976:INFO:Initializing Extra Trees Classifier
2026-06-03 09:54:55,976:INFO:Total runtime is 0.6363910794258117 minutes
2026-06-03 09:54:55,978:INFO:SubProcess create_model() called ==================================
2026-06-03 09:54:55,978:INFO:Initializing create_model()
2026-06-03 09:54:55,978:INFO:create_model(self=<pycaret.classification.oop.ClassificationExperiment object at 0x31f9b3970>, estimator=et, fold=TimeSeriesSplit(gap=0, max_train_size=None, n_splits=5, test_size=None), round=4, cross_validation=True, predict=True, fit_kwargs={}, groups=None, refit=False, probability_threshold=None, experiment_custom_tags=None, verbose=False, system=False, add_to_model_list=True, metrics=None, display=<pycaret.internal.display.display.CommonDisplay object at 0x107cbf190>, model_only=True, return_train_score=False, kwargs={})
2026-06-03 09:54:55,978:INFO:Checking exceptions
2026-06-03 09:54:55,978:INFO:Importing libraries
2026-06-03 09:54:55,978:INFO:Copying training dataset
2026-06-03 09:54:55,999:INFO:Defining folds
2026-06-03 09:54:55,999:INFO:Declaring metric variables
2026-06-03 09:54:56,001:INFO:Importing untrained model
2026-06-03 09:54:56,003:INFO:Extra Trees Classifier Imported successfully
2026-06-03 09:54:56,006:INFO:Starting cross validation
2026-06-03 09:54:56,007:INFO:Cross validating with TimeSeriesSplit(gap=0, max_train_size=None, n_splits=5, test_size=None), n_jobs=-1
2026-06-03 09:55:01,484:INFO:Calculating mean and std
2026-06-03 09:55:01,487:INFO:Creating metrics dataframe
2026-06-03 09:55:01,519:INFO:Uploading results into container
2026-06-03 09:55:01,520:INFO:Uploading model into container now
2026-06-03 09:55:01,521:INFO:_master_model_container: 12
2026-06-03 09:55:01,521:INFO:_display_container: 2
2026-06-03 09:55:01,522:INFO:ExtraTreesClassifier(bootstrap=False, ccp_alpha=0.0, class_weight=None,
                     criterion='gini', max_depth=None, max_features='sqrt',
                     max_leaf_nodes=None, max_samples=None,
                     min_impurity_decrease=0.0, min_samples_leaf=1,
                     min_samples_split=2, min_weight_fraction_leaf=0.0,
                     n_estimators=100, n_jobs=-1, oob_score=False,
                     random_state=42, verbose=0, warm_start=False)
2026-06-03 09:55:01,522:INFO:create_model() successfully completed......................................
2026-06-03 09:55:01,753:INFO:SubProcess create_model() end ==================================
2026-06-03 09:55:01,753:INFO:Creating metrics dataframe
2026-06-03 09:55:01,762:INFO:Initializing Extreme Gradient Boosting
2026-06-03 09:55:01,762:INFO:Total runtime is 0.7328266143798828 minutes
2026-06-03 09:55:01,766:INFO:SubProcess create_model() called ==================================
2026-06-03 09:55:01,766:INFO:Initializing create_model()
2026-06-03 09:55:01,766:INFO:create_model(self=<pycaret.classification.oop.ClassificationExperiment object at 0x31f9b3970>, estimator=xgboost, fold=TimeSeriesSplit(gap=0, max_train_size=None, n_splits=5, test_size=None), round=4, cross_validation=True, predict=True, fit_kwargs={}, groups=None, refit=False, probability_threshold=None, experiment_custom_tags=None, verbose=False, system=False, add_to_model_list=True, metrics=None, display=<pycaret.internal.display.display.CommonDisplay object at 0x107cbf190>, model_only=True, return_train_score=False, kwargs={})
2026-06-03 09:55:01,766:INFO:Checking exceptions
2026-06-03 09:55:01,767:INFO:Importing libraries
2026-06-03 09:55:01,767:INFO:Copying training dataset
2026-06-03 09:55:01,793:INFO:Defining folds
2026-06-03 09:55:01,793:INFO:Declaring metric variables
2026-06-03 09:55:01,797:INFO:Importing untrained model
2026-06-03 09:55:01,800:INFO:Extreme Gradient Boosting Imported successfully
2026-06-03 09:55:01,805:INFO:Starting cross validation
2026-06-03 09:55:01,806:INFO:Cross validating with TimeSeriesSplit(gap=0, max_train_size=None, n_splits=5, test_size=None), n_jobs=-1
2026-06-03 09:55:08,107:INFO:Calculating mean and std
2026-06-03 09:55:08,112:INFO:Creating metrics dataframe
2026-06-03 09:55:08,131:INFO:Uploading results into container
2026-06-03 09:55:08,132:INFO:Uploading model into container now
2026-06-03 09:55:08,133:INFO:_master_model_container: 13
2026-06-03 09:55:08,133:INFO:_display_container: 2
2026-06-03 09:55:08,135:INFO:XGBClassifier(base_score=None, booster='gbtree', callbacks=None,
              colsample_bylevel=None, colsample_bynode=None,
              colsample_bytree=None, early_stopping_rounds=None,
              enable_categorical=False, eval_metric=None, gamma=None,
              gpu_id=None, grow_policy=None, importance_type=None,
              interaction_constraints=None, learning_rate=None, max_bin=None,
              max_cat_to_onehot=None, max_delta_step=None, max_depth=None,
              max_leaves=None, min_child_weight=None, missing=nan,
              monotone_constraints=None, n_estimators=100, n_jobs=-1,
              num_parallel_tree=None, objective='binary:logistic',
              predictor=None, random_state=42, reg_alpha=None, ...)
2026-06-03 09:55:08,135:INFO:create_model() successfully completed......................................
2026-06-03 09:55:08,258:INFO:SubProcess create_model() end ==================================
2026-06-03 09:55:08,258:INFO:Creating metrics dataframe
2026-06-03 09:55:08,264:INFO:Initializing Light Gradient Boosting Machine
2026-06-03 09:55:08,265:INFO:Total runtime is 0.8411973317464193 minutes
2026-06-03 09:55:08,266:INFO:SubProcess create_model() called ==================================
2026-06-03 09:55:08,267:INFO:Initializing create_model()
2026-06-03 09:55:08,267:INFO:create_model(self=<pycaret.classification.oop.ClassificationExperiment object at 0x31f9b3970>, estimator=lightgbm, fold=TimeSeriesSplit(gap=0, max_train_size=None, n_splits=5, test_size=None), round=4, cross_validation=True, predict=True, fit_kwargs={}, groups=None, refit=False, probability_threshold=None, experiment_custom_tags=None, verbose=False, system=False, add_to_model_list=True, metrics=None, display=<pycaret.internal.display.display.CommonDisplay object at 0x107cbf190>, model_only=True, return_train_score=False, kwargs={})
2026-06-03 09:55:08,267:INFO:Checking exceptions
2026-06-03 09:55:08,267:INFO:Importing libraries
2026-06-03 09:55:08,267:INFO:Copying training dataset
2026-06-03 09:55:08,289:INFO:Defining folds
2026-06-03 09:55:08,289:INFO:Declaring metric variables
2026-06-03 09:55:08,291:INFO:Importing untrained model
2026-06-03 09:55:08,295:INFO:Light Gradient Boosting Machine Imported successfully
2026-06-03 09:55:08,298:INFO:Starting cross validation
2026-06-03 09:55:08,299:INFO:Cross validating with TimeSeriesSplit(gap=0, max_train_size=None, n_splits=5, test_size=None), n_jobs=-1
2026-06-03 09:55:10,862:INFO:Calculating mean and std
2026-06-03 09:55:10,865:INFO:Creating metrics dataframe
2026-06-03 09:55:10,887:INFO:Uploading results into container
2026-06-03 09:55:10,888:INFO:Uploading model into container now
2026-06-03 09:55:10,889:INFO:_master_model_container: 14
2026-06-03 09:55:10,889:INFO:_display_container: 2
2026-06-03 09:55:10,890:INFO:LGBMClassifier(boosting_type='gbdt', class_weight=None, colsample_bytree=1.0,
               importance_type='split', learning_rate=0.1, max_depth=-1,
               min_child_samples=20, min_child_weight=0.001, min_split_gain=0.0,
               n_estimators=100, n_jobs=-1, num_leaves=31, objective=None,
               random_state=42, reg_alpha=0.0, reg_lambda=0.0, subsample=1.0,
               subsample_for_bin=200000, subsample_freq=0)
2026-06-03 09:55:10,890:INFO:create_model() successfully completed......................................
2026-06-03 09:55:11,000:INFO:SubProcess create_model() end ==================================
2026-06-03 09:55:11,000:INFO:Creating metrics dataframe
2026-06-03 09:55:11,007:INFO:Initializing Dummy Classifier
2026-06-03 09:55:11,007:INFO:Total runtime is 0.8869008779525758 minutes
2026-06-03 09:55:11,009:INFO:SubProcess create_model() called ==================================
2026-06-03 09:55:11,009:INFO:Initializing create_model()
2026-06-03 09:55:11,009:INFO:create_model(self=<pycaret.classification.oop.ClassificationExperiment object at 0x31f9b3970>, estimator=dummy, fold=TimeSeriesSplit(gap=0, max_train_size=None, n_splits=5, test_size=None), round=4, cross_validation=True, predict=True, fit_kwargs={}, groups=None, refit=False, probability_threshold=None, experiment_custom_tags=None, verbose=False, system=False, add_to_model_list=True, metrics=None, display=<pycaret.internal.display.display.CommonDisplay object at 0x107cbf190>, model_only=True, return_train_score=False, kwargs={})
2026-06-03 09:55:11,009:INFO:Checking exceptions
2026-06-03 09:55:11,009:INFO:Importing libraries
2026-06-03 09:55:11,009:INFO:Copying training dataset
2026-06-03 09:55:11,026:INFO:Defining folds
2026-06-03 09:55:11,026:INFO:Declaring metric variables
2026-06-03 09:55:11,028:INFO:Importing untrained model
2026-06-03 09:55:11,030:INFO:Dummy Classifier Imported successfully
2026-06-03 09:55:11,034:INFO:Starting cross validation
2026-06-03 09:55:11,035:INFO:Cross validating with TimeSeriesSplit(gap=0, max_train_size=None, n_splits=5, test_size=None), n_jobs=-1
2026-06-03 09:55:11,254:WARNING:/opt/homebrew/Caskroom/miniforge/base/envs/pyc3/lib/python3.10/site-packages/sklearn/metrics/_classification.py:1344: UndefinedMetricWarning: Precision is ill-defined and being set to 0.0 due to no predicted samples. Use `zero_division` parameter to control this behavior.
  _warn_prf(average, modifier, msg_start, len(result))

2026-06-03 09:55:11,259:WARNING:/opt/homebrew/Caskroom/miniforge/base/envs/pyc3/lib/python3.10/site-packages/sklearn/metrics/_classification.py:1344: UndefinedMetricWarning: Precision is ill-defined and being set to 0.0 due to no predicted samples. Use `zero_division` parameter to control this behavior.
  _warn_prf(average, modifier, msg_start, len(result))

2026-06-03 09:55:11,293:WARNING:/opt/homebrew/Caskroom/miniforge/base/envs/pyc3/lib/python3.10/site-packages/sklearn/metrics/_classification.py:1344: UndefinedMetricWarning: Precision is ill-defined and being set to 0.0 due to no predicted samples. Use `zero_division` parameter to control this behavior.
  _warn_prf(average, modifier, msg_start, len(result))

2026-06-03 09:55:11,322:WARNING:/opt/homebrew/Caskroom/miniforge/base/envs/pyc3/lib/python3.10/site-packages/sklearn/metrics/_classification.py:1344: UndefinedMetricWarning: Precision is ill-defined and being set to 0.0 due to no predicted samples. Use `zero_division` parameter to control this behavior.
  _warn_prf(average, modifier, msg_start, len(result))

2026-06-03 09:55:12,933:WARNING:/opt/homebrew/Caskroom/miniforge/base/envs/pyc3/lib/python3.10/site-packages/_distutils_hack/__init__.py:26: UserWarning: Setuptools is replacing distutils.
  warnings.warn("Setuptools is replacing distutils.")

2026-06-03 09:55:13,430:WARNING:/opt/homebrew/Caskroom/miniforge/base/envs/pyc3/lib/python3.10/site-packages/sklearn/metrics/_classification.py:1344: UndefinedMetricWarning: Precision is ill-defined and being set to 0.0 due to no predicted samples. Use `zero_division` parameter to control this behavior.
  _warn_prf(average, modifier, msg_start, len(result))

2026-06-03 09:55:13,550:INFO:Calculating mean and std
2026-06-03 09:55:13,551:INFO:Creating metrics dataframe
2026-06-03 09:55:13,562:INFO:Uploading results into container
2026-06-03 09:55:13,563:INFO:Uploading model into container now
2026-06-03 09:55:13,563:INFO:_master_model_container: 15
2026-06-03 09:55:13,563:INFO:_display_container: 2
2026-06-03 09:55:13,563:INFO:DummyClassifier(constant=None, random_state=42, strategy='prior')
2026-06-03 09:55:13,563:INFO:create_model() successfully completed......................................
2026-06-03 09:55:13,621:INFO:SubProcess create_model() end ==================================
2026-06-03 09:55:13,621:INFO:Creating metrics dataframe
2026-06-03 09:55:13,631:INFO:Initializing create_model()
2026-06-03 09:55:13,631:INFO:create_model(self=<pycaret.classification.oop.ClassificationExperiment object at 0x31f9b3970>, estimator=GradientBoostingClassifier(ccp_alpha=0.0, criterion='friedman_mse', init=None,
                           learning_rate=0.1, loss='log_loss', max_depth=3,
                           max_features=None, max_leaf_nodes=None,
                           min_impurity_decrease=0.0, min_samples_leaf=1,
                           min_samples_split=2, min_weight_fraction_leaf=0.0,
                           n_estimators=100, n_iter_no_change=None,
                           random_state=42, subsample=1.0, tol=0.0001,
                           validation_fraction=0.1, verbose=0,
                           warm_start=False), fold=TimeSeriesSplit(gap=0, max_train_size=None, n_splits=5, test_size=None), round=4, cross_validation=False, predict=False, fit_kwargs={}, groups=None, refit=True, probability_threshold=None, experiment_custom_tags=None, verbose=False, system=False, add_to_model_list=True, metrics=None, display=None, model_only=True, return_train_score=False, kwargs={})
2026-06-03 09:55:13,631:INFO:Checking exceptions
2026-06-03 09:55:13,632:INFO:Importing libraries
2026-06-03 09:55:13,632:INFO:Copying training dataset
2026-06-03 09:55:13,649:INFO:Defining folds
2026-06-03 09:55:13,649:INFO:Declaring metric variables
2026-06-03 09:55:13,649:INFO:Importing untrained model
2026-06-03 09:55:13,649:INFO:Declaring custom model
2026-06-03 09:55:13,649:INFO:Gradient Boosting Classifier Imported successfully
2026-06-03 09:55:13,650:INFO:Cross validation set to False
2026-06-03 09:55:13,650:INFO:Fitting Model
2026-06-03 09:55:22,612:INFO:GradientBoostingClassifier(ccp_alpha=0.0, criterion='friedman_mse', init=None,
                           learning_rate=0.1, loss='log_loss', max_depth=3,
                           max_features=None, max_leaf_nodes=None,
                           min_impurity_decrease=0.0, min_samples_leaf=1,
                           min_samples_split=2, min_weight_fraction_leaf=0.0,
                           n_estimators=100, n_iter_no_change=None,
                           random_state=42, subsample=1.0, tol=0.0001,
                           validation_fraction=0.1, verbose=0,
                           warm_start=False)
2026-06-03 09:55:22,612:INFO:create_model() successfully completed......................................
2026-06-03 09:55:22,731:INFO:_master_model_container: 15
2026-06-03 09:55:22,731:INFO:_display_container: 2
2026-06-03 09:55:22,731:INFO:GradientBoostingClassifier(ccp_alpha=0.0, criterion='friedman_mse', init=None,
                           learning_rate=0.1, loss='log_loss', max_depth=3,
                           max_features=None, max_leaf_nodes=None,
                           min_impurity_decrease=0.0, min_samples_leaf=1,
                           min_samples_split=2, min_weight_fraction_leaf=0.0,
                           n_estimators=100, n_iter_no_change=None,
                           random_state=42, subsample=1.0, tol=0.0001,
                           validation_fraction=0.1, verbose=0,
                           warm_start=False)
2026-06-03 09:55:22,731:INFO:compare_models() successfully completed......................................
2026-06-03 09:55:22,875:INFO:PyCaret ClassificationExperiment
2026-06-03 09:55:22,875:INFO:Logging name: clf-default-name
2026-06-03 09:55:22,875:INFO:ML Usecase: MLUsecase.CLASSIFICATION
2026-06-03 09:55:22,875:INFO:version 3.0.4
2026-06-03 09:55:22,875:INFO:Initializing setup()
2026-06-03 09:55:22,875:INFO:self.USI: 7a30
2026-06-03 09:55:22,875:INFO:self._variable_keys: {'log_plots_param', 'seed', 'USI', 'idx', 'X_test', 'X_train', 'data', 'y', 'target_param', 'gpu_n_jobs_param', 'is_multiclass', 'memory', 'fold_generator', 'n_jobs_param', '_ml_usecase', 'logging_param', 'X', 'fold_shuffle_param', 'exp_name_log', 'exp_id', '_available_plots', 'html_param', 'gpu_param', 'y_test', 'fix_imbalance', 'pipeline', 'fold_groups_param', 'y_train'}
2026-06-03 09:55:22,875:INFO:Checking environment
2026-06-03 09:55:22,875:INFO:python_version: 3.10.20
2026-06-03 09:55:22,875:INFO:python_build: ('main', 'Mar  5 2026 17:06:34')
2026-06-03 09:55:22,875:INFO:machine: arm64
2026-06-03 09:55:22,875:INFO:platform: macOS-26.5-arm64-arm-64bit
2026-06-03 09:55:22,875:INFO:Memory: svmem(total=8589934592, available=1376026624, percent=84.0, used=3181543424, free=60194816, active=1331560448, inactive=1281114112, wired=1849982976)
2026-06-03 09:55:22,875:INFO:Physical Core: 8
2026-06-03 09:55:22,875:INFO:Logical Core: 8
2026-06-03 09:55:22,875:INFO:Checking libraries
2026-06-03 09:55:22,875:INFO:System:
2026-06-03 09:55:22,875:INFO:    python: 3.10.20 | packaged by conda-forge | (main, Mar  5 2026, 17:06:34) [Clang 19.1.7 ]
2026-06-03 09:55:22,875:INFO:executable: /opt/homebrew/Caskroom/miniforge/base/envs/pyc3/bin/python
2026-06-03 09:55:22,875:INFO:   machine: macOS-26.5-arm64-arm-64bit
2026-06-03 09:55:22,875:INFO:PyCaret required dependencies:
2026-06-03 09:55:22,875:INFO:                 pip: 26.0.1
2026-06-03 09:55:22,875:INFO:          setuptools: 69.5.1
2026-06-03 09:55:22,875:INFO:             pycaret: 3.0.4
2026-06-03 09:55:22,875:INFO:             IPython: 8.39.0
2026-06-03 09:55:22,875:INFO:          ipywidgets: 8.1.8
2026-06-03 09:55:22,875:INFO:                tqdm: 4.67.3
2026-06-03 09:55:22,875:INFO:               numpy: 1.23.5
2026-06-03 09:55:22,875:INFO:              pandas: 1.5.3
2026-06-03 09:55:22,875:INFO:              jinja2: 3.1.6
2026-06-03 09:55:22,875:INFO:               scipy: 1.11.4
2026-06-03 09:55:22,875:INFO:              joblib: 1.3.2
2026-06-03 09:55:22,875:INFO:             sklearn: 1.2.2
2026-06-03 09:55:22,875:INFO:                pyod: 3.2.0
2026-06-03 09:55:22,875:INFO:            imblearn: 0.12.4
2026-06-03 09:55:22,875:INFO:   category_encoders: 2.7.0
2026-06-03 09:55:22,875:INFO:            lightgbm: 4.6.0
2026-06-03 09:55:22,875:INFO:               numba: 0.62.1
2026-06-03 09:55:22,875:INFO:            requests: 2.33.1
2026-06-03 09:55:22,876:INFO:          matplotlib: 3.7.4
2026-06-03 09:55:22,876:INFO:          scikitplot: 0.3.7
2026-06-03 09:55:22,876:INFO:         yellowbrick: 1.5
2026-06-03 09:55:22,876:INFO:              plotly: 6.7.0
2026-06-03 09:55:22,876:INFO:    plotly-resampler: Not installed
2026-06-03 09:55:22,876:INFO:             kaleido: 1.2.0
2026-06-03 09:55:22,876:INFO:           schemdraw: 0.15
2026-06-03 09:55:22,876:INFO:         statsmodels: 0.14.6
2026-06-03 09:55:22,876:INFO:              sktime: 0.40.1
2026-06-03 09:55:22,876:INFO:               tbats: 1.1.3
2026-06-03 09:55:22,876:INFO:            pmdarima: 2.1.1
2026-06-03 09:55:22,876:INFO:              psutil: 7.2.2
2026-06-03 09:55:22,876:INFO:          markupsafe: 3.0.3
2026-06-03 09:55:22,876:INFO:             pickle5: Not installed
2026-06-03 09:55:22,876:INFO:         cloudpickle: 3.1.2
2026-06-03 09:55:22,876:INFO:         deprecation: 2.1.0
2026-06-03 09:55:22,876:INFO:              xxhash: 3.6.0
2026-06-03 09:55:22,876:INFO:           wurlitzer: 3.1.1
2026-06-03 09:55:22,876:INFO:PyCaret optional dependencies:
2026-06-03 09:55:22,876:INFO:                shap: 0.49.1
2026-06-03 09:55:22,876:INFO:           interpret: 0.6.6
2026-06-03 09:55:22,876:INFO:                umap: 0.5.7
2026-06-03 09:55:22,876:INFO:    pandas_profiling: 4.18.1
2026-06-03 09:55:22,876:INFO:  explainerdashboard: Not installed
2026-06-03 09:55:22,876:INFO:             autoviz: 0.1.902
2026-06-03 09:55:22,876:INFO:           fairlearn: 0.7.0
2026-06-03 09:55:22,876:INFO:          deepchecks: 0.19.1
2026-06-03 09:55:22,876:INFO:             xgboost: 1.6.2
2026-06-03 09:55:22,876:INFO:            catboost: Not installed
2026-06-03 09:55:22,876:INFO:              kmodes: Not installed
2026-06-03 09:55:22,876:INFO:             mlxtend: Not installed
2026-06-03 09:55:22,876:INFO:       statsforecast: Not installed
2026-06-03 09:55:22,876:INFO:        tune_sklearn: Not installed
2026-06-03 09:55:22,876:INFO:                 ray: Not installed
2026-06-03 09:55:22,876:INFO:            hyperopt: Not installed
2026-06-03 09:55:22,876:INFO:              optuna: Not installed
2026-06-03 09:55:22,876:INFO:               skopt: Not installed
2026-06-03 09:55:22,876:INFO:              mlflow: Not installed
2026-06-03 09:55:22,876:INFO:              gradio: Not installed
2026-06-03 09:55:22,876:INFO:             fastapi: Not installed
2026-06-03 09:55:22,876:INFO:             uvicorn: Not installed
2026-06-03 09:55:22,876:INFO:              m2cgen: Not installed
2026-06-03 09:55:22,876:INFO:           evidently: Not installed
2026-06-03 09:55:22,876:INFO:               fugue: Not installed
2026-06-03 09:55:22,876:INFO:           streamlit: Not installed
2026-06-03 09:55:22,876:INFO:             prophet: Not installed
2026-06-03 09:55:22,876:INFO:None
2026-06-03 09:55:22,876:INFO:Set up data.
2026-06-03 09:55:23,024:INFO:Set up train/test split.
2026-06-03 09:55:23,025:INFO:Set up data.
2026-06-03 09:55:23,068:INFO:Set up index.
2026-06-03 09:55:23,087:INFO:Set up folding strategy.
2026-06-03 09:55:23,087:INFO:Assigning column types.
2026-06-03 09:55:23,121:INFO:Engine successfully changes for model 'lr' to 'sklearn'.
2026-06-03 09:55:23,143:INFO:Engine for model 'knn' has not been set explicitly, hence returning None.
2026-06-03 09:55:23,144:INFO:Engine for model 'rbfsvm' has not been set explicitly, hence returning None.
2026-06-03 09:55:23,157:INFO:Soft dependency imported: xgboost: 1.6.2
2026-06-03 09:55:23,158:WARNING:
'catboost' is a soft dependency and not included in the pycaret installation. Please run: `pip install catboost` to install.
Alternately, you can install this by running `pip install pycaret[models]`
2026-06-03 09:55:23,180:INFO:Engine for model 'knn' has not been set explicitly, hence returning None.
2026-06-03 09:55:23,181:INFO:Engine for model 'rbfsvm' has not been set explicitly, hence returning None.
2026-06-03 09:55:23,195:INFO:Soft dependency imported: xgboost: 1.6.2
2026-06-03 09:55:23,197:WARNING:
'catboost' is a soft dependency and not included in the pycaret installation. Please run: `pip install catboost` to install.
Alternately, you can install this by running `pip install pycaret[models]`
2026-06-03 09:55:23,197:INFO:Engine successfully changes for model 'knn' to 'sklearn'.
2026-06-03 09:55:23,219:INFO:Engine for model 'rbfsvm' has not been set explicitly, hence returning None.
2026-06-03 09:55:23,232:INFO:Soft dependency imported: xgboost: 1.6.2
2026-06-03 09:55:23,234:WARNING:
'catboost' is a soft dependency and not included in the pycaret installation. Please run: `pip install catboost` to install.
Alternately, you can install this by running `pip install pycaret[models]`
2026-06-03 09:55:23,256:INFO:Engine for model 'rbfsvm' has not been set explicitly, hence returning None.
2026-06-03 09:55:23,269:INFO:Soft dependency imported: xgboost: 1.6.2
2026-06-03 09:55:23,270:WARNING:
'catboost' is a soft dependency and not included in the pycaret installation. Please run: `pip install catboost` to install.
Alternately, you can install this by running `pip install pycaret[models]`
2026-06-03 09:55:23,271:INFO:Engine successfully changes for model 'rbfsvm' to 'sklearn'.
2026-06-03 09:55:23,306:INFO:Soft dependency imported: xgboost: 1.6.2
2026-06-03 09:55:23,307:WARNING:
'catboost' is a soft dependency and not included in the pycaret installation. Please run: `pip install catboost` to install.
Alternately, you can install this by running `pip install pycaret[models]`
2026-06-03 09:55:23,343:INFO:Soft dependency imported: xgboost: 1.6.2
2026-06-03 09:55:23,344:WARNING:
'catboost' is a soft dependency and not included in the pycaret installation. Please run: `pip install catboost` to install.
Alternately, you can install this by running `pip install pycaret[models]`
2026-06-03 09:55:23,345:INFO:Preparing preprocessing pipeline...
2026-06-03 09:55:23,353:INFO:Set up simple imputation.
2026-06-03 09:55:23,379:INFO:Set up encoding of categorical features.
2026-06-03 09:55:23,701:INFO:Finished creating preprocessing pipeline.
2026-06-03 09:55:23,703:INFO:Pipeline: Pipeline(memory=FastMemory(location=/var/folders/ng/w2vmc_ks6jzfd1prm5s8p54w0000gn/T/joblib),
         steps=[('numerical_imputer',
                 TransformerWrapper(exclude=None,
                                    include=['membership_years',
                                             'past_latte_ratio',
                                             'past_coupon_usage_rate',
                                             'is_raining', 'is_weekend',
                                             'current_temp',
                                             'station_congestion_index',
                                             'daily_staffing_cost',
                                             'is_treatment', 'app_total_pv',
                                             'is_h...
                                                              fill_value=None,
                                                              keep_empty_features=False,
                                                              missing_values=nan,
                                                              strategy='most_frequent',
                                                              verbose='deprecated'))),
                ('onehot_encoding',
                 TransformerWrapper(exclude=None, include=['store_id'],
                                    transformer=OneHotEncoder(cols=['store_id'],
                                                              drop_invariant=False,
                                                              handle_missing='return_nan',
                                                              handle_unknown='value',
                                                              return_df=True,
                                                              use_cat_names=True,
                                                              verbose=0)))],
         verbose=False)
2026-06-03 09:55:23,703:INFO:Creating final display dataframe.
2026-06-03 09:55:24,338:INFO:Setup _display_container:                     Description             Value
0                    Session id                42
1                        Target      is_purchased
2                   Target type            Binary
3           Original data shape      (394899, 20)
4        Transformed data shape      (394899, 26)
5   Transformed train set shape      (317442, 26)
6    Transformed test set shape       (77457, 26)
7               Ignore features                 3
8              Numeric features                15
9          Categorical features                 1
10     Rows with missing values             13.2%
11                   Preprocess              True
12              Imputation type            simple
13           Numeric imputation              mean
14       Categorical imputation              mode
15     Maximum one-hot encoding                25
16              Encoding method              None
17               Fold Generator   TimeSeriesSplit
18                  Fold Number                 5
19                     CPU Jobs                -1
20                      Use GPU             False
21               Log Experiment             False
22              Experiment Name  clf-default-name
23                          USI              7a30
2026-06-03 09:55:24,380:INFO:Soft dependency imported: xgboost: 1.6.2
2026-06-03 09:55:24,382:WARNING:
'catboost' is a soft dependency and not included in the pycaret installation. Please run: `pip install catboost` to install.
Alternately, you can install this by running `pip install pycaret[models]`
2026-06-03 09:55:24,418:INFO:Soft dependency imported: xgboost: 1.6.2
2026-06-03 09:55:24,420:WARNING:
'catboost' is a soft dependency and not included in the pycaret installation. Please run: `pip install catboost` to install.
Alternately, you can install this by running `pip install pycaret[models]`
2026-06-03 09:55:24,420:INFO:setup() successfully completed in 1.55s...............
2026-06-03 09:55:24,469:INFO:Initializing compare_models()
2026-06-03 09:55:24,470:INFO:compare_models(self=<pycaret.classification.oop.ClassificationExperiment object at 0x308c3f400>, include=['gbc', 'lightgbm', 'lda', 'ridge', 'xgboost'], fold=None, round=4, cross_validation=True, sort=Accuracy, n_select=1, budget_time=None, turbo=True, errors=ignore, fit_kwargs=None, groups=None, experiment_custom_tags=None, probability_threshold=None, verbose=True, parallel=None, caller_params={'self': <pycaret.classification.oop.ClassificationExperiment object at 0x308c3f400>, 'include': ['gbc', 'lightgbm', 'lda', 'ridge', 'xgboost'], 'exclude': None, 'fold': None, 'round': 4, 'cross_validation': True, 'sort': 'Accuracy', 'n_select': 1, 'budget_time': None, 'turbo': True, 'errors': 'ignore', 'fit_kwargs': None, 'groups': None, 'experiment_custom_tags': None, 'probability_threshold': None, 'engine': None, 'verbose': True, 'parallel': None, '__class__': <class 'pycaret.classification.oop.ClassificationExperiment'>}, exclude=None)
2026-06-03 09:55:24,470:INFO:Checking exceptions
2026-06-03 09:55:24,517:INFO:Preparing display monitor
2026-06-03 09:55:24,534:INFO:Initializing Gradient Boosting Classifier
2026-06-03 09:55:24,534:INFO:Total runtime is 2.745787302652995e-06 minutes
2026-06-03 09:55:24,536:INFO:SubProcess create_model() called ==================================
2026-06-03 09:55:24,537:INFO:Initializing create_model()
2026-06-03 09:55:24,537:INFO:create_model(self=<pycaret.classification.oop.ClassificationExperiment object at 0x308c3f400>, estimator=gbc, fold=TimeSeriesSplit(gap=0, max_train_size=None, n_splits=5, test_size=None), round=4, cross_validation=True, predict=True, fit_kwargs={}, groups=None, refit=False, probability_threshold=None, experiment_custom_tags=None, verbose=False, system=False, add_to_model_list=True, metrics=None, display=<pycaret.internal.display.display.CommonDisplay object at 0x33128d810>, model_only=True, return_train_score=False, kwargs={})
2026-06-03 09:55:24,537:INFO:Checking exceptions
2026-06-03 09:55:24,538:INFO:Importing libraries
2026-06-03 09:55:24,538:INFO:Copying training dataset
2026-06-03 09:55:24,613:INFO:Defining folds
2026-06-03 09:55:24,613:INFO:Declaring metric variables
2026-06-03 09:55:24,615:INFO:Importing untrained model
2026-06-03 09:55:24,617:INFO:Gradient Boosting Classifier Imported successfully
2026-06-03 09:55:24,623:INFO:Starting cross validation
2026-06-03 09:55:24,624:INFO:Cross validating with TimeSeriesSplit(gap=0, max_train_size=None, n_splits=5, test_size=None), n_jobs=-1
2026-06-03 09:56:09,603:INFO:Calculating mean and std
2026-06-03 09:56:09,614:INFO:Creating metrics dataframe
2026-06-03 09:56:09,629:INFO:Uploading results into container
2026-06-03 09:56:09,630:INFO:Uploading model into container now
2026-06-03 09:56:09,630:INFO:_master_model_container: 1
2026-06-03 09:56:09,630:INFO:_display_container: 2
2026-06-03 09:56:09,631:INFO:GradientBoostingClassifier(ccp_alpha=0.0, criterion='friedman_mse', init=None,
                           learning_rate=0.1, loss='log_loss', max_depth=3,
                           max_features=None, max_leaf_nodes=None,
                           min_impurity_decrease=0.0, min_samples_leaf=1,
                           min_samples_split=2, min_weight_fraction_leaf=0.0,
                           n_estimators=100, n_iter_no_change=None,
                           random_state=42, subsample=1.0, tol=0.0001,
                           validation_fraction=0.1, verbose=0,
                           warm_start=False)
2026-06-03 09:56:09,631:INFO:create_model() successfully completed......................................
2026-06-03 09:56:09,761:INFO:SubProcess create_model() end ==================================
2026-06-03 09:56:09,761:INFO:Creating metrics dataframe
2026-06-03 09:56:09,765:INFO:Initializing Light Gradient Boosting Machine
2026-06-03 09:56:09,765:INFO:Total runtime is 0.7538474480311076 minutes
2026-06-03 09:56:09,766:INFO:SubProcess create_model() called ==================================
2026-06-03 09:56:09,767:INFO:Initializing create_model()
2026-06-03 09:56:09,767:INFO:create_model(self=<pycaret.classification.oop.ClassificationExperiment object at 0x308c3f400>, estimator=lightgbm, fold=TimeSeriesSplit(gap=0, max_train_size=None, n_splits=5, test_size=None), round=4, cross_validation=True, predict=True, fit_kwargs={}, groups=None, refit=False, probability_threshold=None, experiment_custom_tags=None, verbose=False, system=False, add_to_model_list=True, metrics=None, display=<pycaret.internal.display.display.CommonDisplay object at 0x33128d810>, model_only=True, return_train_score=False, kwargs={})
2026-06-03 09:56:09,767:INFO:Checking exceptions
2026-06-03 09:56:09,767:INFO:Importing libraries
2026-06-03 09:56:09,767:INFO:Copying training dataset
2026-06-03 09:56:09,841:INFO:Defining folds
2026-06-03 09:56:09,841:INFO:Declaring metric variables
2026-06-03 09:56:09,843:INFO:Importing untrained model
2026-06-03 09:56:09,845:INFO:Light Gradient Boosting Machine Imported successfully
2026-06-03 09:56:09,848:INFO:Starting cross validation
2026-06-03 09:56:09,849:INFO:Cross validating with TimeSeriesSplit(gap=0, max_train_size=None, n_splits=5, test_size=None), n_jobs=-1
2026-06-03 09:56:14,123:INFO:Calculating mean and std
2026-06-03 09:56:14,126:INFO:Creating metrics dataframe
2026-06-03 09:56:14,140:INFO:Uploading results into container
2026-06-03 09:56:14,140:INFO:Uploading model into container now
2026-06-03 09:56:14,141:INFO:_master_model_container: 2
2026-06-03 09:56:14,141:INFO:_display_container: 2
2026-06-03 09:56:14,141:INFO:LGBMClassifier(boosting_type='gbdt', class_weight=None, colsample_bytree=1.0,
               importance_type='split', learning_rate=0.1, max_depth=-1,
               min_child_samples=20, min_child_weight=0.001, min_split_gain=0.0,
               n_estimators=100, n_jobs=-1, num_leaves=31, objective=None,
               random_state=42, reg_alpha=0.0, reg_lambda=0.0, subsample=1.0,
               subsample_for_bin=200000, subsample_freq=0)
2026-06-03 09:56:14,141:INFO:create_model() successfully completed......................................
2026-06-03 09:56:14,228:INFO:SubProcess create_model() end ==================================
2026-06-03 09:56:14,228:INFO:Creating metrics dataframe
2026-06-03 09:56:14,254:INFO:Initializing Linear Discriminant Analysis
2026-06-03 09:56:14,254:INFO:Total runtime is 0.8286690990130107 minutes
2026-06-03 09:56:14,259:INFO:SubProcess create_model() called ==================================
2026-06-03 09:56:14,259:INFO:Initializing create_model()
2026-06-03 09:56:14,259:INFO:create_model(self=<pycaret.classification.oop.ClassificationExperiment object at 0x308c3f400>, estimator=lda, fold=TimeSeriesSplit(gap=0, max_train_size=None, n_splits=5, test_size=None), round=4, cross_validation=True, predict=True, fit_kwargs={}, groups=None, refit=False, probability_threshold=None, experiment_custom_tags=None, verbose=False, system=False, add_to_model_list=True, metrics=None, display=<pycaret.internal.display.display.CommonDisplay object at 0x33128d810>, model_only=True, return_train_score=False, kwargs={})
2026-06-03 09:56:14,259:INFO:Checking exceptions
2026-06-03 09:56:14,259:INFO:Importing libraries
2026-06-03 09:56:14,259:INFO:Copying training dataset
2026-06-03 09:56:14,345:INFO:Defining folds
2026-06-03 09:56:14,345:INFO:Declaring metric variables
2026-06-03 09:56:14,347:INFO:Importing untrained model
2026-06-03 09:56:14,350:INFO:Linear Discriminant Analysis Imported successfully
2026-06-03 09:56:14,355:INFO:Starting cross validation
2026-06-03 09:56:14,356:INFO:Cross validating with TimeSeriesSplit(gap=0, max_train_size=None, n_splits=5, test_size=None), n_jobs=-1
2026-06-03 09:56:16,492:INFO:Calculating mean and std
2026-06-03 09:56:16,495:INFO:Creating metrics dataframe
2026-06-03 09:56:16,511:INFO:Uploading results into container
2026-06-03 09:56:16,512:INFO:Uploading model into container now
2026-06-03 09:56:16,512:INFO:_master_model_container: 3
2026-06-03 09:56:16,512:INFO:_display_container: 2
2026-06-03 09:56:16,513:INFO:LinearDiscriminantAnalysis(covariance_estimator=None, n_components=None,
                           priors=None, shrinkage=None, solver='svd',
                           store_covariance=False, tol=0.0001)
2026-06-03 09:56:16,513:INFO:create_model() successfully completed......................................
2026-06-03 09:56:16,630:INFO:SubProcess create_model() end ==================================
2026-06-03 09:56:16,630:INFO:Creating metrics dataframe
2026-06-03 09:56:16,637:INFO:Initializing Ridge Classifier
2026-06-03 09:56:16,637:INFO:Total runtime is 0.8683757146199544 minutes
2026-06-03 09:56:16,639:INFO:SubProcess create_model() called ==================================
2026-06-03 09:56:16,639:INFO:Initializing create_model()
2026-06-03 09:56:16,639:INFO:create_model(self=<pycaret.classification.oop.ClassificationExperiment object at 0x308c3f400>, estimator=ridge, fold=TimeSeriesSplit(gap=0, max_train_size=None, n_splits=5, test_size=None), round=4, cross_validation=True, predict=True, fit_kwargs={}, groups=None, refit=False, probability_threshold=None, experiment_custom_tags=None, verbose=False, system=False, add_to_model_list=True, metrics=None, display=<pycaret.internal.display.display.CommonDisplay object at 0x33128d810>, model_only=True, return_train_score=False, kwargs={})
2026-06-03 09:56:16,640:INFO:Checking exceptions
2026-06-03 09:56:16,640:INFO:Importing libraries
2026-06-03 09:56:16,640:INFO:Copying training dataset
2026-06-03 09:56:16,719:INFO:Defining folds
2026-06-03 09:56:16,719:INFO:Declaring metric variables
2026-06-03 09:56:16,721:INFO:Importing untrained model
2026-06-03 09:56:16,724:INFO:Ridge Classifier Imported successfully
2026-06-03 09:56:16,728:INFO:Starting cross validation
2026-06-03 09:56:16,728:INFO:Cross validating with TimeSeriesSplit(gap=0, max_train_size=None, n_splits=5, test_size=None), n_jobs=-1
2026-06-03 09:56:17,345:WARNING:/opt/homebrew/Caskroom/miniforge/base/envs/pyc3/lib/python3.10/site-packages/pycaret/internal/metrics.py:138: FitFailedWarning: Metric 'make_scorer(roc_auc_score, needs_proba=True, error_score=0.0, average=weighted, multi_class=ovr)' failed and error score 0.0 has been returned instead. If this is a custom metric, this usually means that the error is in the metric code. Full exception below:
Traceback (most recent call last):
  File "/opt/homebrew/Caskroom/miniforge/base/envs/pyc3/lib/python3.10/site-packages/sklearn/metrics/_scorer.py", line 76, in _cached_call
    return cache[method]
KeyError: 'predict_proba'

During handling of the above exception, another exception occurred:

Traceback (most recent call last):
  File "/opt/homebrew/Caskroom/miniforge/base/envs/pyc3/lib/python3.10/site-packages/pycaret/internal/metrics.py", line 130, in _score
    return super()._score(
  File "/opt/homebrew/Caskroom/miniforge/base/envs/pyc3/lib/python3.10/site-packages/sklearn/metrics/_scorer.py", line 316, in _score
    y_pred = method_caller(clf, "predict_proba", X)
  File "/opt/homebrew/Caskroom/miniforge/base/envs/pyc3/lib/python3.10/site-packages/sklearn/metrics/_scorer.py", line 78, in _cached_call
    result = getattr(estimator, method)(*args, **kwargs)
  File "/opt/homebrew/Caskroom/miniforge/base/envs/pyc3/lib/python3.10/site-packages/pycaret/internal/pipeline.py", line 121, in __getattr__
    return getattr(self._final_estimator, name)
AttributeError: 'RidgeClassifier' object has no attribute 'predict_proba'

  warnings.warn(

2026-06-03 09:56:17,482:WARNING:/opt/homebrew/Caskroom/miniforge/base/envs/pyc3/lib/python3.10/site-packages/pycaret/internal/metrics.py:138: FitFailedWarning: Metric 'make_scorer(roc_auc_score, needs_proba=True, error_score=0.0, average=weighted, multi_class=ovr)' failed and error score 0.0 has been returned instead. If this is a custom metric, this usually means that the error is in the metric code. Full exception below:
Traceback (most recent call last):
  File "/opt/homebrew/Caskroom/miniforge/base/envs/pyc3/lib/python3.10/site-packages/sklearn/metrics/_scorer.py", line 76, in _cached_call
    return cache[method]
KeyError: 'predict_proba'

During handling of the above exception, another exception occurred:

Traceback (most recent call last):
  File "/opt/homebrew/Caskroom/miniforge/base/envs/pyc3/lib/python3.10/site-packages/pycaret/internal/metrics.py", line 130, in _score
    return super()._score(
  File "/opt/homebrew/Caskroom/miniforge/base/envs/pyc3/lib/python3.10/site-packages/sklearn/metrics/_scorer.py", line 316, in _score
    y_pred = method_caller(clf, "predict_proba", X)
  File "/opt/homebrew/Caskroom/miniforge/base/envs/pyc3/lib/python3.10/site-packages/sklearn/metrics/_scorer.py", line 78, in _cached_call
    result = getattr(estimator, method)(*args, **kwargs)
  File "/opt/homebrew/Caskroom/miniforge/base/envs/pyc3/lib/python3.10/site-packages/pycaret/internal/pipeline.py", line 121, in __getattr__
    return getattr(self._final_estimator, name)
AttributeError: 'RidgeClassifier' object has no attribute 'predict_proba'

  warnings.warn(

2026-06-03 09:56:17,516:WARNING:/opt/homebrew/Caskroom/miniforge/base/envs/pyc3/lib/python3.10/site-packages/pycaret/internal/metrics.py:138: FitFailedWarning: Metric 'make_scorer(roc_auc_score, needs_proba=True, error_score=0.0, average=weighted, multi_class=ovr)' failed and error score 0.0 has been returned instead. If this is a custom metric, this usually means that the error is in the metric code. Full exception below:
Traceback (most recent call last):
  File "/opt/homebrew/Caskroom/miniforge/base/envs/pyc3/lib/python3.10/site-packages/sklearn/metrics/_scorer.py", line 76, in _cached_call
    return cache[method]
KeyError: 'predict_proba'

During handling of the above exception, another exception occurred:

Traceback (most recent call last):
  File "/opt/homebrew/Caskroom/miniforge/base/envs/pyc3/lib/python3.10/site-packages/pycaret/internal/metrics.py", line 130, in _score
    return super()._score(
  File "/opt/homebrew/Caskroom/miniforge/base/envs/pyc3/lib/python3.10/site-packages/sklearn/metrics/_scorer.py", line 316, in _score
    y_pred = method_caller(clf, "predict_proba", X)
  File "/opt/homebrew/Caskroom/miniforge/base/envs/pyc3/lib/python3.10/site-packages/sklearn/metrics/_scorer.py", line 78, in _cached_call
    result = getattr(estimator, method)(*args, **kwargs)
  File "/opt/homebrew/Caskroom/miniforge/base/envs/pyc3/lib/python3.10/site-packages/pycaret/internal/pipeline.py", line 121, in __getattr__
    return getattr(self._final_estimator, name)
AttributeError: 'RidgeClassifier' object has no attribute 'predict_proba'

  warnings.warn(

2026-06-03 09:56:17,621:WARNING:/opt/homebrew/Caskroom/miniforge/base/envs/pyc3/lib/python3.10/site-packages/pycaret/internal/metrics.py:138: FitFailedWarning: Metric 'make_scorer(roc_auc_score, needs_proba=True, error_score=0.0, average=weighted, multi_class=ovr)' failed and error score 0.0 has been returned instead. If this is a custom metric, this usually means that the error is in the metric code. Full exception below:
Traceback (most recent call last):
  File "/opt/homebrew/Caskroom/miniforge/base/envs/pyc3/lib/python3.10/site-packages/sklearn/metrics/_scorer.py", line 76, in _cached_call
    return cache[method]
KeyError: 'predict_proba'

During handling of the above exception, another exception occurred:

Traceback (most recent call last):
  File "/opt/homebrew/Caskroom/miniforge/base/envs/pyc3/lib/python3.10/site-packages/pycaret/internal/metrics.py", line 130, in _score
    return super()._score(
  File "/opt/homebrew/Caskroom/miniforge/base/envs/pyc3/lib/python3.10/site-packages/sklearn/metrics/_scorer.py", line 316, in _score
    y_pred = method_caller(clf, "predict_proba", X)
  File "/opt/homebrew/Caskroom/miniforge/base/envs/pyc3/lib/python3.10/site-packages/sklearn/metrics/_scorer.py", line 78, in _cached_call
    result = getattr(estimator, method)(*args, **kwargs)
  File "/opt/homebrew/Caskroom/miniforge/base/envs/pyc3/lib/python3.10/site-packages/pycaret/internal/pipeline.py", line 121, in __getattr__
    return getattr(self._final_estimator, name)
AttributeError: 'RidgeClassifier' object has no attribute 'predict_proba'

  warnings.warn(

2026-06-03 09:56:17,622:WARNING:/opt/homebrew/Caskroom/miniforge/base/envs/pyc3/lib/python3.10/site-packages/pycaret/internal/metrics.py:138: FitFailedWarning: Metric 'make_scorer(roc_auc_score, needs_proba=True, error_score=0.0, average=weighted, multi_class=ovr)' failed and error score 0.0 has been returned instead. If this is a custom metric, this usually means that the error is in the metric code. Full exception below:
Traceback (most recent call last):
  File "/opt/homebrew/Caskroom/miniforge/base/envs/pyc3/lib/python3.10/site-packages/sklearn/metrics/_scorer.py", line 76, in _cached_call
    return cache[method]
KeyError: 'predict_proba'

During handling of the above exception, another exception occurred:

Traceback (most recent call last):
  File "/opt/homebrew/Caskroom/miniforge/base/envs/pyc3/lib/python3.10/site-packages/pycaret/internal/metrics.py", line 130, in _score
    return super()._score(
  File "/opt/homebrew/Caskroom/miniforge/base/envs/pyc3/lib/python3.10/site-packages/sklearn/metrics/_scorer.py", line 316, in _score
    y_pred = method_caller(clf, "predict_proba", X)
  File "/opt/homebrew/Caskroom/miniforge/base/envs/pyc3/lib/python3.10/site-packages/sklearn/metrics/_scorer.py", line 78, in _cached_call
    result = getattr(estimator, method)(*args, **kwargs)
  File "/opt/homebrew/Caskroom/miniforge/base/envs/pyc3/lib/python3.10/site-packages/pycaret/internal/pipeline.py", line 121, in __getattr__
    return getattr(self._final_estimator, name)
AttributeError: 'RidgeClassifier' object has no attribute 'predict_proba'

  warnings.warn(

2026-06-03 09:56:17,945:INFO:Calculating mean and std
2026-06-03 09:56:17,946:INFO:Creating metrics dataframe
2026-06-03 09:56:17,965:INFO:Uploading results into container
2026-06-03 09:56:17,966:INFO:Uploading model into container now
2026-06-03 09:56:17,966:INFO:_master_model_container: 4
2026-06-03 09:56:17,966:INFO:_display_container: 2
2026-06-03 09:56:17,967:INFO:RidgeClassifier(alpha=1.0, class_weight=None, copy_X=True, fit_intercept=True,
                max_iter=None, positive=False, random_state=42, solver='auto',
                tol=0.0001)
2026-06-03 09:56:17,967:INFO:create_model() successfully completed......................................
2026-06-03 09:56:18,107:INFO:SubProcess create_model() end ==================================
2026-06-03 09:56:18,107:INFO:Creating metrics dataframe
2026-06-03 09:56:18,113:INFO:Initializing Extreme Gradient Boosting
2026-06-03 09:56:18,113:INFO:Total runtime is 0.8929775834083558 minutes
2026-06-03 09:56:18,114:INFO:SubProcess create_model() called ==================================
2026-06-03 09:56:18,114:INFO:Initializing create_model()
2026-06-03 09:56:18,114:INFO:create_model(self=<pycaret.classification.oop.ClassificationExperiment object at 0x308c3f400>, estimator=xgboost, fold=TimeSeriesSplit(gap=0, max_train_size=None, n_splits=5, test_size=None), round=4, cross_validation=True, predict=True, fit_kwargs={}, groups=None, refit=False, probability_threshold=None, experiment_custom_tags=None, verbose=False, system=False, add_to_model_list=True, metrics=None, display=<pycaret.internal.display.display.CommonDisplay object at 0x33128d810>, model_only=True, return_train_score=False, kwargs={})
2026-06-03 09:56:18,114:INFO:Checking exceptions
2026-06-03 09:56:18,114:INFO:Importing libraries
2026-06-03 09:56:18,115:INFO:Copying training dataset
2026-06-03 09:56:18,182:INFO:Defining folds
2026-06-03 09:56:18,182:INFO:Declaring metric variables
2026-06-03 09:56:18,185:INFO:Importing untrained model
2026-06-03 09:56:18,187:INFO:Extreme Gradient Boosting Imported successfully
2026-06-03 09:56:18,191:INFO:Starting cross validation
2026-06-03 09:56:18,192:INFO:Cross validating with TimeSeriesSplit(gap=0, max_train_size=None, n_splits=5, test_size=None), n_jobs=-1
2026-06-03 09:56:53,581:INFO:Calculating mean and std
2026-06-03 09:56:53,584:INFO:Creating metrics dataframe
2026-06-03 09:56:53,601:INFO:Uploading results into container
2026-06-03 09:56:53,601:INFO:Uploading model into container now
2026-06-03 09:56:53,602:INFO:_master_model_container: 5
2026-06-03 09:56:53,602:INFO:_display_container: 2
2026-06-03 09:56:53,603:INFO:XGBClassifier(base_score=None, booster='gbtree', callbacks=None,
              colsample_bylevel=None, colsample_bynode=None,
              colsample_bytree=None, early_stopping_rounds=None,
              enable_categorical=False, eval_metric=None, gamma=None,
              gpu_id=None, grow_policy=None, importance_type=None,
              interaction_constraints=None, learning_rate=None, max_bin=None,
              max_cat_to_onehot=None, max_delta_step=None, max_depth=None,
              max_leaves=None, min_child_weight=None, missing=nan,
              monotone_constraints=None, n_estimators=100, n_jobs=-1,
              num_parallel_tree=None, objective='binary:logistic',
              predictor=None, random_state=42, reg_alpha=None, ...)
2026-06-03 09:56:53,603:INFO:create_model() successfully completed......................................
2026-06-03 09:56:53,718:INFO:SubProcess create_model() end ==================================
2026-06-03 09:56:53,718:INFO:Creating metrics dataframe
2026-06-03 09:56:53,729:INFO:Initializing create_model()
2026-06-03 09:56:53,729:INFO:create_model(self=<pycaret.classification.oop.ClassificationExperiment object at 0x308c3f400>, estimator=LGBMClassifier(boosting_type='gbdt', class_weight=None, colsample_bytree=1.0,
               importance_type='split', learning_rate=0.1, max_depth=-1,
               min_child_samples=20, min_child_weight=0.001, min_split_gain=0.0,
               n_estimators=100, n_jobs=-1, num_leaves=31, objective=None,
               random_state=42, reg_alpha=0.0, reg_lambda=0.0, subsample=1.0,
               subsample_for_bin=200000, subsample_freq=0), fold=TimeSeriesSplit(gap=0, max_train_size=None, n_splits=5, test_size=None), round=4, cross_validation=False, predict=False, fit_kwargs={}, groups=None, refit=True, probability_threshold=None, experiment_custom_tags=None, verbose=False, system=False, add_to_model_list=True, metrics=None, display=None, model_only=True, return_train_score=False, kwargs={})
2026-06-03 09:56:53,729:INFO:Checking exceptions
2026-06-03 09:56:53,731:INFO:Importing libraries
2026-06-03 09:56:53,732:INFO:Copying training dataset
2026-06-03 09:56:53,812:INFO:Defining folds
2026-06-03 09:56:53,812:INFO:Declaring metric variables
2026-06-03 09:56:53,812:INFO:Importing untrained model
2026-06-03 09:56:53,812:INFO:Declaring custom model
2026-06-03 09:56:53,813:INFO:Light Gradient Boosting Machine Imported successfully
2026-06-03 09:56:53,814:INFO:Cross validation set to False
2026-06-03 09:56:53,814:INFO:Fitting Model
2026-06-03 09:56:54,428:INFO:[LightGBM] [Info] Number of positive: 149545, number of negative: 167897
2026-06-03 09:56:54,440:INFO:[LightGBM] [Info] Auto-choosing row-wise multi-threading, the overhead of testing was 0.006346 seconds.
2026-06-03 09:56:54,440:INFO:You can set `force_row_wise=true` to remove the overhead.
2026-06-03 09:56:54,440:INFO:And if memory is not enough, you can set `force_col_wise=true`.
2026-06-03 09:56:54,440:INFO:[LightGBM] [Info] Total Bins 1692
2026-06-03 09:56:54,440:INFO:[LightGBM] [Info] Number of data points in the train set: 317442, number of used features: 25
2026-06-03 09:56:54,441:INFO:[LightGBM] [Info] [binary:BoostFromScore]: pavg=0.471094 -> initscore=-0.115753
2026-06-03 09:56:54,441:INFO:[LightGBM] [Info] Start training from score -0.115753
2026-06-03 09:56:55,555:INFO:LGBMClassifier(boosting_type='gbdt', class_weight=None, colsample_bytree=1.0,
               importance_type='split', learning_rate=0.1, max_depth=-1,
               min_child_samples=20, min_child_weight=0.001, min_split_gain=0.0,
               n_estimators=100, n_jobs=-1, num_leaves=31, objective=None,
               random_state=42, reg_alpha=0.0, reg_lambda=0.0, subsample=1.0,
               subsample_for_bin=200000, subsample_freq=0)
2026-06-03 09:56:55,556:INFO:create_model() successfully completed......................................
2026-06-03 09:56:55,626:INFO:_master_model_container: 5
2026-06-03 09:56:55,626:INFO:_display_container: 2
2026-06-03 09:56:55,627:INFO:LGBMClassifier(boosting_type='gbdt', class_weight=None, colsample_bytree=1.0,
               importance_type='split', learning_rate=0.1, max_depth=-1,
               min_child_samples=20, min_child_weight=0.001, min_split_gain=0.0,
               n_estimators=100, n_jobs=-1, num_leaves=31, objective=None,
               random_state=42, reg_alpha=0.0, reg_lambda=0.0, subsample=1.0,
               subsample_for_bin=200000, subsample_freq=0)
2026-06-03 09:56:55,627:INFO:compare_models() successfully completed......................................
2026-06-03 09:56:55,648:INFO:Initializing create_model()
2026-06-03 09:56:55,648:INFO:create_model(self=<pycaret.classification.oop.ClassificationExperiment object at 0x308c3f400>, estimator=lightgbm, fold=None, round=4, cross_validation=True, predict=True, fit_kwargs=None, groups=None, refit=True, probability_threshold=None, experiment_custom_tags=None, verbose=True, system=True, add_to_model_list=True, metrics=None, display=None, model_only=True, return_train_score=False, kwargs={})
2026-06-03 09:56:55,648:INFO:Checking exceptions
2026-06-03 09:56:55,656:INFO:Importing libraries
2026-06-03 09:56:55,656:INFO:Copying training dataset
2026-06-03 09:56:55,721:INFO:Defining folds
2026-06-03 09:56:55,721:INFO:Declaring metric variables
2026-06-03 09:56:55,723:INFO:Importing untrained model
2026-06-03 09:56:55,725:INFO:Light Gradient Boosting Machine Imported successfully
2026-06-03 09:56:55,728:INFO:Starting cross validation
2026-06-03 09:56:55,729:INFO:Cross validating with TimeSeriesSplit(gap=0, max_train_size=None, n_splits=5, test_size=None), n_jobs=-1
2026-06-03 09:56:58,297:INFO:Calculating mean and std
2026-06-03 09:56:58,300:INFO:Creating metrics dataframe
2026-06-03 09:56:58,306:INFO:Finalizing model
2026-06-03 09:56:58,628:INFO:Uploading results into container
2026-06-03 09:56:58,629:INFO:Uploading model into container now
2026-06-03 09:56:58,635:INFO:_master_model_container: 6
2026-06-03 09:56:58,635:INFO:_display_container: 3
2026-06-03 09:56:58,636:INFO:LGBMClassifier(boosting_type='gbdt', class_weight=None, colsample_bytree=1.0,
               importance_type='split', learning_rate=0.1, max_depth=-1,
               min_child_samples=20, min_child_weight=0.001, min_split_gain=0.0,
               n_estimators=100, n_jobs=-1, num_leaves=31, objective=None,
               random_state=42, reg_alpha=0.0, reg_lambda=0.0, subsample=1.0,
               subsample_for_bin=200000, subsample_freq=0)
2026-06-03 09:56:58,636:INFO:create_model() successfully completed......................................
2026-06-03 09:56:58,759:INFO:Initializing plot_model()
2026-06-03 09:56:58,759:INFO:plot_model(plot=parameter, fold=None, verbose=True, display=None, display_format=None, estimator=LGBMClassifier(boosting_type='gbdt', class_weight=None, colsample_bytree=1.0,
               importance_type='split', learning_rate=0.1, max_depth=-1,
               min_child_samples=20, min_child_weight=0.001, min_split_gain=0.0,
               n_estimators=100, n_jobs=-1, num_leaves=31, objective=None,
               random_state=42, reg_alpha=0.0, reg_lambda=0.0, subsample=1.0,
               subsample_for_bin=200000, subsample_freq=0), feature_name=None, fit_kwargs=None, groups=None, label=False, plot_kwargs=None, save=False, scale=1, self=<pycaret.classification.oop.ClassificationExperiment object at 0x308c3f400>, system=True)
2026-06-03 09:56:58,759:INFO:Checking exceptions
2026-06-03 09:56:58,805:INFO:Preloading libraries
2026-06-03 09:56:58,815:INFO:Copying training dataset
2026-06-03 09:56:58,815:INFO:Plot type: parameter
2026-06-03 09:56:58,818:INFO:Visual Rendered Successfully
2026-06-03 09:56:58,889:INFO:plot_model() successfully completed......................................
2026-06-03 09:56:58,897:INFO:Initializing tune_model()
2026-06-03 09:56:58,897:INFO:tune_model(estimator=LGBMClassifier(boosting_type='gbdt', class_weight=None, colsample_bytree=1.0,
               importance_type='split', learning_rate=0.1, max_depth=-1,
               min_child_samples=20, min_child_weight=0.001, min_split_gain=0.0,
               n_estimators=100, n_jobs=-1, num_leaves=31, objective=None,
               random_state=42, reg_alpha=0.0, reg_lambda=0.0, subsample=1.0,
               subsample_for_bin=200000, subsample_freq=0), fold=None, round=4, n_iter=50, custom_grid=None, optimize=F1, custom_scorer=None, search_library=scikit-learn, search_algorithm=None, early_stopping=False, early_stopping_max_iters=10, choose_better=True, fit_kwargs=None, groups=None, return_tuner=False, verbose=True, tuner_verbose=True, return_train_score=False, kwargs={}, self=<pycaret.classification.oop.ClassificationExperiment object at 0x308c3f400>)
2026-06-03 09:56:58,897:INFO:Checking exceptions
2026-06-03 09:56:58,929:INFO:Copying training dataset
2026-06-03 09:56:58,977:INFO:Checking base model
2026-06-03 09:56:58,977:INFO:Base model : Light Gradient Boosting Machine
2026-06-03 09:56:58,980:INFO:Declaring metric variables
2026-06-03 09:56:58,982:INFO:Defining Hyperparameters
2026-06-03 09:56:59,048:INFO:Tuning with n_jobs=-1
2026-06-03 09:56:59,048:INFO:Initializing RandomizedSearchCV
2026-06-03 10:03:38,863:INFO:best_params: {'actual_estimator__reg_lambda': 4, 'actual_estimator__reg_alpha': 0.3, 'actual_estimator__num_leaves': 4, 'actual_estimator__n_estimators': 130, 'actual_estimator__min_split_gain': 0.6, 'actual_estimator__min_child_samples': 71, 'actual_estimator__learning_rate': 0.1, 'actual_estimator__feature_fraction': 1.0, 'actual_estimator__bagging_freq': 5, 'actual_estimator__bagging_fraction': 0.6}
2026-06-03 10:03:38,873:INFO:Hyperparameter search completed
2026-06-03 10:03:38,874:INFO:SubProcess create_model() called ==================================
2026-06-03 10:03:38,875:INFO:Initializing create_model()
2026-06-03 10:03:38,875:INFO:create_model(self=<pycaret.classification.oop.ClassificationExperiment object at 0x308c3f400>, estimator=LGBMClassifier(boosting_type='gbdt', class_weight=None, colsample_bytree=1.0,
               importance_type='split', learning_rate=0.1, max_depth=-1,
               min_child_samples=20, min_child_weight=0.001, min_split_gain=0.0,
               n_estimators=100, n_jobs=-1, num_leaves=31, objective=None,
               random_state=42, reg_alpha=0.0, reg_lambda=0.0, subsample=1.0,
               subsample_for_bin=200000, subsample_freq=0), fold=TimeSeriesSplit(gap=0, max_train_size=None, n_splits=5, test_size=None), round=4, cross_validation=True, predict=True, fit_kwargs={}, groups=None, refit=True, probability_threshold=None, experiment_custom_tags=None, verbose=True, system=False, add_to_model_list=True, metrics=None, display=<pycaret.internal.display.display.CommonDisplay object at 0x3326b4fd0>, model_only=True, return_train_score=False, kwargs={'reg_lambda': 4, 'reg_alpha': 0.3, 'num_leaves': 4, 'n_estimators': 130, 'min_split_gain': 0.6, 'min_child_samples': 71, 'learning_rate': 0.1, 'feature_fraction': 1.0, 'bagging_freq': 5, 'bagging_fraction': 0.6})
2026-06-03 10:03:38,875:INFO:Checking exceptions
2026-06-03 10:03:38,875:INFO:Importing libraries
2026-06-03 10:03:38,877:INFO:Copying training dataset
2026-06-03 10:03:38,958:INFO:Defining folds
2026-06-03 10:03:38,958:INFO:Declaring metric variables
2026-06-03 10:03:38,961:INFO:Importing untrained model
2026-06-03 10:03:38,961:INFO:Declaring custom model
2026-06-03 10:03:38,963:INFO:Light Gradient Boosting Machine Imported successfully
2026-06-03 10:03:38,966:INFO:Starting cross validation
2026-06-03 10:03:38,967:INFO:Cross validating with TimeSeriesSplit(gap=0, max_train_size=None, n_splits=5, test_size=None), n_jobs=-1
2026-06-03 10:03:40,946:INFO:Calculating mean and std
2026-06-03 10:03:40,951:INFO:Creating metrics dataframe
2026-06-03 10:03:40,961:INFO:Finalizing model
2026-06-03 10:03:41,440:INFO:[LightGBM] [Warning] bagging_freq is set=5, subsample_freq=0 will be ignored. Current value: bagging_freq=5
2026-06-03 10:03:41,440:INFO:[LightGBM] [Warning] feature_fraction is set=1.0, colsample_bytree=1.0 will be ignored. Current value: feature_fraction=1.0
2026-06-03 10:03:41,440:INFO:[LightGBM] [Warning] bagging_fraction is set=0.6, subsample=1.0 will be ignored. Current value: bagging_fraction=0.6
2026-06-03 10:03:41,533:INFO:[LightGBM] [Warning] bagging_freq is set=5, subsample_freq=0 will be ignored. Current value: bagging_freq=5
2026-06-03 10:03:41,534:INFO:[LightGBM] [Warning] feature_fraction is set=1.0, colsample_bytree=1.0 will be ignored. Current value: feature_fraction=1.0
2026-06-03 10:03:41,534:INFO:[LightGBM] [Warning] bagging_fraction is set=0.6, subsample=1.0 will be ignored. Current value: bagging_fraction=0.6
2026-06-03 10:03:41,534:INFO:[LightGBM] [Info] Number of positive: 149545, number of negative: 167897
2026-06-03 10:03:41,548:INFO:[LightGBM] [Info] Auto-choosing row-wise multi-threading, the overhead of testing was 0.006824 seconds.
2026-06-03 10:03:41,548:INFO:You can set `force_row_wise=true` to remove the overhead.
2026-06-03 10:03:41,548:INFO:And if memory is not enough, you can set `force_col_wise=true`.
2026-06-03 10:03:41,548:INFO:[LightGBM] [Info] Total Bins 1692
2026-06-03 10:03:41,549:INFO:[LightGBM] [Info] Number of data points in the train set: 317442, number of used features: 25
2026-06-03 10:03:41,550:INFO:[LightGBM] [Info] [binary:BoostFromScore]: pavg=0.471094 -> initscore=-0.115753
2026-06-03 10:03:41,550:INFO:[LightGBM] [Info] Start training from score -0.115753
2026-06-03 10:03:42,388:INFO:Uploading results into container
2026-06-03 10:03:42,388:INFO:Uploading model into container now
2026-06-03 10:03:42,389:INFO:_master_model_container: 7
2026-06-03 10:03:42,389:INFO:_display_container: 4
2026-06-03 10:03:42,391:INFO:LGBMClassifier(bagging_fraction=0.6, bagging_freq=5, boosting_type='gbdt',
               class_weight=None, colsample_bytree=1.0, feature_fraction=1.0,
               importance_type='split', learning_rate=0.1, max_depth=-1,
               min_child_samples=71, min_child_weight=0.001, min_split_gain=0.6,
               n_estimators=130, n_jobs=-1, num_leaves=4, objective=None,
               random_state=42, reg_alpha=0.3, reg_lambda=4, subsample=1.0,
               subsample_for_bin=200000, subsample_freq=0)
2026-06-03 10:03:42,391:INFO:create_model() successfully completed......................................
2026-06-03 10:03:42,555:INFO:SubProcess create_model() end ==================================
2026-06-03 10:03:42,555:INFO:choose_better activated
2026-06-03 10:03:42,557:INFO:SubProcess create_model() called ==================================
2026-06-03 10:03:42,557:INFO:Initializing create_model()
2026-06-03 10:03:42,557:INFO:create_model(self=<pycaret.classification.oop.ClassificationExperiment object at 0x308c3f400>, estimator=LGBMClassifier(boosting_type='gbdt', class_weight=None, colsample_bytree=1.0,
               importance_type='split', learning_rate=0.1, max_depth=-1,
               min_child_samples=20, min_child_weight=0.001, min_split_gain=0.0,
               n_estimators=100, n_jobs=-1, num_leaves=31, objective=None,
               random_state=42, reg_alpha=0.0, reg_lambda=0.0, subsample=1.0,
               subsample_for_bin=200000, subsample_freq=0), fold=TimeSeriesSplit(gap=0, max_train_size=None, n_splits=5, test_size=None), round=4, cross_validation=True, predict=True, fit_kwargs={}, groups=None, refit=True, probability_threshold=None, experiment_custom_tags=None, verbose=False, system=False, add_to_model_list=True, metrics=None, display=None, model_only=True, return_train_score=False, kwargs={})
2026-06-03 10:03:42,557:INFO:Checking exceptions
2026-06-03 10:03:42,559:INFO:Importing libraries
2026-06-03 10:03:42,559:INFO:Copying training dataset
2026-06-03 10:03:42,629:INFO:Defining folds
2026-06-03 10:03:42,629:INFO:Declaring metric variables
2026-06-03 10:03:42,629:INFO:Importing untrained model
2026-06-03 10:03:42,629:INFO:Declaring custom model
2026-06-03 10:03:42,630:INFO:Light Gradient Boosting Machine Imported successfully
2026-06-03 10:03:42,630:INFO:Starting cross validation
2026-06-03 10:03:42,630:INFO:Cross validating with TimeSeriesSplit(gap=0, max_train_size=None, n_splits=5, test_size=None), n_jobs=-1
2026-06-03 10:03:45,224:INFO:Calculating mean and std
2026-06-03 10:03:45,226:INFO:Creating metrics dataframe
2026-06-03 10:03:45,228:INFO:Finalizing model
2026-06-03 10:03:45,525:INFO:Uploading results into container
2026-06-03 10:03:45,525:INFO:Uploading model into container now
2026-06-03 10:03:45,525:INFO:_master_model_container: 8
2026-06-03 10:03:45,525:INFO:_display_container: 5
2026-06-03 10:03:45,526:INFO:LGBMClassifier(boosting_type='gbdt', class_weight=None, colsample_bytree=1.0,
               importance_type='split', learning_rate=0.1, max_depth=-1,
               min_child_samples=20, min_child_weight=0.001, min_split_gain=0.0,
               n_estimators=100, n_jobs=-1, num_leaves=31, objective=None,
               random_state=42, reg_alpha=0.0, reg_lambda=0.0, subsample=1.0,
               subsample_for_bin=200000, subsample_freq=0)
2026-06-03 10:03:45,526:INFO:create_model() successfully completed......................................
2026-06-03 10:03:45,634:INFO:SubProcess create_model() end ==================================
2026-06-03 10:03:45,634:INFO:LGBMClassifier(boosting_type='gbdt', class_weight=None, colsample_bytree=1.0,
               importance_type='split', learning_rate=0.1, max_depth=-1,
               min_child_samples=20, min_child_weight=0.001, min_split_gain=0.0,
               n_estimators=100, n_jobs=-1, num_leaves=31, objective=None,
               random_state=42, reg_alpha=0.0, reg_lambda=0.0, subsample=1.0,
               subsample_for_bin=200000, subsample_freq=0) result for F1 is 0.7416
2026-06-03 10:03:45,635:INFO:LGBMClassifier(bagging_fraction=0.6, bagging_freq=5, boosting_type='gbdt',
               class_weight=None, colsample_bytree=1.0, feature_fraction=1.0,
               importance_type='split', learning_rate=0.1, max_depth=-1,
               min_child_samples=71, min_child_weight=0.001, min_split_gain=0.6,
               n_estimators=130, n_jobs=-1, num_leaves=4, objective=None,
               random_state=42, reg_alpha=0.3, reg_lambda=4, subsample=1.0,
               subsample_for_bin=200000, subsample_freq=0) result for F1 is 0.7412
2026-06-03 10:03:45,635:INFO:LGBMClassifier(boosting_type='gbdt', class_weight=None, colsample_bytree=1.0,
               importance_type='split', learning_rate=0.1, max_depth=-1,
               min_child_samples=20, min_child_weight=0.001, min_split_gain=0.0,
               n_estimators=100, n_jobs=-1, num_leaves=31, objective=None,
               random_state=42, reg_alpha=0.0, reg_lambda=0.0, subsample=1.0,
               subsample_for_bin=200000, subsample_freq=0) is best model
2026-06-03 10:03:45,635:INFO:choose_better completed
2026-06-03 10:03:45,635:INFO:Original model was better than the tuned model, hence it will be returned. NOTE: The display metrics are for the tuned model (not the original one).
2026-06-03 10:03:45,643:INFO:_master_model_container: 8
2026-06-03 10:03:45,643:INFO:_display_container: 4
2026-06-03 10:03:45,644:INFO:LGBMClassifier(boosting_type='gbdt', class_weight=None, colsample_bytree=1.0,
               importance_type='split', learning_rate=0.1, max_depth=-1,
               min_child_samples=20, min_child_weight=0.001, min_split_gain=0.0,
               n_estimators=100, n_jobs=-1, num_leaves=31, objective=None,
               random_state=42, reg_alpha=0.0, reg_lambda=0.0, subsample=1.0,
               subsample_for_bin=200000, subsample_freq=0)
2026-06-03 10:03:45,644:INFO:tune_model() successfully completed......................................
2026-06-03 10:03:45,761:INFO:Initializing plot_model()
2026-06-03 10:03:45,761:INFO:plot_model(plot=parameter, fold=None, verbose=True, display=None, display_format=None, estimator=LGBMClassifier(boosting_type='gbdt', class_weight=None, colsample_bytree=1.0,
               importance_type='split', learning_rate=0.1, max_depth=-1,
               min_child_samples=20, min_child_weight=0.001, min_split_gain=0.0,
               n_estimators=100, n_jobs=-1, num_leaves=31, objective=None,
               random_state=42, reg_alpha=0.0, reg_lambda=0.0, subsample=1.0,
               subsample_for_bin=200000, subsample_freq=0), feature_name=None, fit_kwargs=None, groups=None, label=False, plot_kwargs=None, save=False, scale=1, self=<pycaret.classification.oop.ClassificationExperiment object at 0x308c3f400>, system=True)
2026-06-03 10:03:45,761:INFO:Checking exceptions
2026-06-03 10:03:45,797:INFO:Preloading libraries
2026-06-03 10:03:45,803:INFO:Copying training dataset
2026-06-03 10:03:45,803:INFO:Plot type: parameter
2026-06-03 10:03:45,806:INFO:Visual Rendered Successfully
2026-06-03 10:03:45,872:INFO:plot_model() successfully completed......................................
2026-06-03 10:03:45,879:INFO:Initializing plot_model()
2026-06-03 10:03:45,879:INFO:plot_model(plot=auc, fold=None, verbose=True, display=None, display_format=None, estimator=LGBMClassifier(boosting_type='gbdt', class_weight=None, colsample_bytree=1.0,
               importance_type='split', learning_rate=0.1, max_depth=-1,
               min_child_samples=20, min_child_weight=0.001, min_split_gain=0.0,
               n_estimators=100, n_jobs=-1, num_leaves=31, objective=None,
               random_state=42, reg_alpha=0.0, reg_lambda=0.0, subsample=1.0,
               subsample_for_bin=200000, subsample_freq=0), feature_name=None, fit_kwargs=None, groups=None, label=False, plot_kwargs=None, save=False, scale=1, self=<pycaret.classification.oop.ClassificationExperiment object at 0x308c3f400>, system=True)
2026-06-03 10:03:45,879:INFO:Checking exceptions
2026-06-03 10:03:45,907:INFO:Preloading libraries
2026-06-03 10:03:45,910:INFO:Copying training dataset
2026-06-03 10:03:45,910:INFO:Plot type: auc
2026-06-03 10:03:46,285:INFO:Fitting Model
2026-06-03 10:03:46,299:INFO:Scoring test/hold-out set
2026-06-03 10:03:46,891:INFO:Visual Rendered Successfully
2026-06-03 10:03:47,051:INFO:plot_model() successfully completed......................................
2026-06-03 10:03:47,210:INFO:Initializing plot_model()
2026-06-03 10:03:47,210:INFO:plot_model(plot=pr, fold=None, verbose=True, display=None, display_format=None, estimator=LGBMClassifier(boosting_type='gbdt', class_weight=None, colsample_bytree=1.0,
               importance_type='split', learning_rate=0.1, max_depth=-1,
               min_child_samples=20, min_child_weight=0.001, min_split_gain=0.0,
               n_estimators=100, n_jobs=-1, num_leaves=31, objective=None,
               random_state=42, reg_alpha=0.0, reg_lambda=0.0, subsample=1.0,
               subsample_for_bin=200000, subsample_freq=0), feature_name=None, fit_kwargs=None, groups=None, label=False, plot_kwargs=None, save=False, scale=1, self=<pycaret.classification.oop.ClassificationExperiment object at 0x308c3f400>, system=True)
2026-06-03 10:03:47,210:INFO:Checking exceptions
2026-06-03 10:03:47,295:INFO:Preloading libraries
2026-06-03 10:03:47,301:INFO:Copying training dataset
2026-06-03 10:03:47,301:INFO:Plot type: pr
2026-06-03 10:03:47,739:INFO:Fitting Model
2026-06-03 10:03:47,769:INFO:Scoring test/hold-out set
2026-06-03 10:03:48,340:INFO:Visual Rendered Successfully
2026-06-03 10:03:48,470:INFO:plot_model() successfully completed......................................
2026-06-03 10:03:48,492:INFO:Initializing plot_model()
2026-06-03 10:03:48,492:INFO:plot_model(plot=threshold, fold=None, verbose=True, display=None, display_format=None, estimator=LGBMClassifier(boosting_type='gbdt', class_weight=None, colsample_bytree=1.0,
               importance_type='split', learning_rate=0.1, max_depth=-1,
               min_child_samples=20, min_child_weight=0.001, min_split_gain=0.0,
               n_estimators=100, n_jobs=-1, num_leaves=31, objective=None,
               random_state=42, reg_alpha=0.0, reg_lambda=0.0, subsample=1.0,
               subsample_for_bin=200000, subsample_freq=0), feature_name=None, fit_kwargs=None, groups=None, label=False, plot_kwargs=None, save=False, scale=1, self=<pycaret.classification.oop.ClassificationExperiment object at 0x308c3f400>, system=True)
2026-06-03 10:03:48,493:INFO:Checking exceptions
2026-06-03 10:03:48,529:INFO:Preloading libraries
2026-06-03 10:03:48,533:INFO:Copying training dataset
2026-06-03 10:03:48,533:INFO:Plot type: threshold
2026-06-03 10:03:48,745:INFO:Fitting Model
2026-06-03 10:03:48,920:INFO:[LightGBM] [Info] Number of positive: 134579, number of negative: 151118
2026-06-03 10:03:48,931:INFO:[LightGBM] [Info] Auto-choosing row-wise multi-threading, the overhead of testing was 0.004753 seconds.
2026-06-03 10:03:48,931:INFO:You can set `force_row_wise=true` to remove the overhead.
2026-06-03 10:03:48,931:INFO:And if memory is not enough, you can set `force_col_wise=true`.
2026-06-03 10:03:48,931:INFO:[LightGBM] [Info] Total Bins 1691
2026-06-03 10:03:48,931:INFO:[LightGBM] [Info] Number of data points in the train set: 285697, number of used features: 25
2026-06-03 10:03:48,932:INFO:[LightGBM] [Info] [binary:BoostFromScore]: pavg=0.471055 -> initscore=-0.115910
2026-06-03 10:03:48,932:INFO:[LightGBM] [Info] Start training from score -0.115910
2026-06-03 10:03:51,817:INFO:[LightGBM] [Info] Number of positive: 134609, number of negative: 151088
2026-06-03 10:03:51,828:INFO:[LightGBM] [Info] Auto-choosing row-wise multi-threading, the overhead of testing was 0.005277 seconds.
2026-06-03 10:03:51,828:INFO:You can set `force_row_wise=true` to remove the overhead.
2026-06-03 10:03:51,828:INFO:And if memory is not enough, you can set `force_col_wise=true`.
2026-06-03 10:03:51,828:INFO:[LightGBM] [Info] Total Bins 1691
2026-06-03 10:03:51,829:INFO:[LightGBM] [Info] Number of data points in the train set: 285697, number of used features: 25
2026-06-03 10:03:51,829:INFO:[LightGBM] [Info] [binary:BoostFromScore]: pavg=0.471160 -> initscore=-0.115488
2026-06-03 10:03:51,829:INFO:[LightGBM] [Info] Start training from score -0.115488
2026-06-03 10:03:54,382:INFO:[LightGBM] [Info] Number of positive: 134517, number of negative: 151180
2026-06-03 10:03:54,394:INFO:[LightGBM] [Info] Auto-choosing row-wise multi-threading, the overhead of testing was 0.005648 seconds.
2026-06-03 10:03:54,394:INFO:You can set `force_row_wise=true` to remove the overhead.
2026-06-03 10:03:54,394:INFO:And if memory is not enough, you can set `force_col_wise=true`.
2026-06-03 10:03:54,394:INFO:[LightGBM] [Info] Total Bins 1691
2026-06-03 10:03:54,394:INFO:[LightGBM] [Info] Number of data points in the train set: 285697, number of used features: 25
2026-06-03 10:03:54,395:INFO:[LightGBM] [Info] [binary:BoostFromScore]: pavg=0.470838 -> initscore=-0.116781
2026-06-03 10:03:54,395:INFO:[LightGBM] [Info] Start training from score -0.116781
2026-06-03 10:03:56,930:INFO:[LightGBM] [Info] Number of positive: 134716, number of negative: 150981
2026-06-03 10:03:56,951:INFO:[LightGBM] [Info] Auto-choosing row-wise multi-threading, the overhead of testing was 0.007768 seconds.
2026-06-03 10:03:56,951:INFO:You can set `force_row_wise=true` to remove the overhead.
2026-06-03 10:03:56,951:INFO:And if memory is not enough, you can set `force_col_wise=true`.
2026-06-03 10:03:56,952:INFO:[LightGBM] [Info] Total Bins 1691
2026-06-03 10:03:56,952:INFO:[LightGBM] [Info] Number of data points in the train set: 285697, number of used features: 25
2026-06-03 10:03:56,952:INFO:[LightGBM] [Info] [binary:BoostFromScore]: pavg=0.471535 -> initscore=-0.113985
2026-06-03 10:03:56,953:INFO:[LightGBM] [Info] Start training from score -0.113985
2026-06-03 10:03:59,685:INFO:[LightGBM] [Info] Number of positive: 134579, number of negative: 151118
2026-06-03 10:03:59,695:INFO:[LightGBM] [Info] Auto-choosing row-wise multi-threading, the overhead of testing was 0.004894 seconds.
2026-06-03 10:03:59,695:INFO:You can set `force_row_wise=true` to remove the overhead.
2026-06-03 10:03:59,695:INFO:And if memory is not enough, you can set `force_col_wise=true`.
2026-06-03 10:03:59,695:INFO:[LightGBM] [Info] Total Bins 1691
2026-06-03 10:03:59,695:INFO:[LightGBM] [Info] Number of data points in the train set: 285697, number of used features: 25
2026-06-03 10:03:59,696:INFO:[LightGBM] [Info] [binary:BoostFromScore]: pavg=0.471055 -> initscore=-0.115910
2026-06-03 10:03:59,696:INFO:[LightGBM] [Info] Start training from score -0.115910
2026-06-03 10:04:02,308:INFO:[LightGBM] [Info] Number of positive: 134530, number of negative: 151167
2026-06-03 10:04:02,322:INFO:[LightGBM] [Info] Auto-choosing row-wise multi-threading, the overhead of testing was 0.005841 seconds.
2026-06-03 10:04:02,322:INFO:You can set `force_row_wise=true` to remove the overhead.
2026-06-03 10:04:02,322:INFO:And if memory is not enough, you can set `force_col_wise=true`.
2026-06-03 10:04:02,322:INFO:[LightGBM] [Info] Total Bins 1692
2026-06-03 10:04:02,322:INFO:[LightGBM] [Info] Number of data points in the train set: 285697, number of used features: 25
2026-06-03 10:04:02,323:INFO:[LightGBM] [Info] [binary:BoostFromScore]: pavg=0.470883 -> initscore=-0.116598
2026-06-03 10:04:02,323:INFO:[LightGBM] [Info] Start training from score -0.116598
2026-06-03 10:04:04,580:INFO:[LightGBM] [Info] Number of positive: 134608, number of negative: 151089
2026-06-03 10:04:04,592:INFO:[LightGBM] [Info] Auto-choosing row-wise multi-threading, the overhead of testing was 0.005132 seconds.
2026-06-03 10:04:04,592:INFO:You can set `force_row_wise=true` to remove the overhead.
2026-06-03 10:04:04,592:INFO:And if memory is not enough, you can set `force_col_wise=true`.
2026-06-03 10:04:04,592:INFO:[LightGBM] [Info] Total Bins 1691
2026-06-03 10:04:04,592:INFO:[LightGBM] [Info] Number of data points in the train set: 285697, number of used features: 25
2026-06-03 10:04:04,593:INFO:[LightGBM] [Info] [binary:BoostFromScore]: pavg=0.471157 -> initscore=-0.115502
2026-06-03 10:04:04,593:INFO:[LightGBM] [Info] Start training from score -0.115502
2026-06-03 10:04:07,271:INFO:[LightGBM] [Info] Number of positive: 134592, number of negative: 151105
2026-06-03 10:04:07,283:INFO:[LightGBM] [Info] Auto-choosing row-wise multi-threading, the overhead of testing was 0.005444 seconds.
2026-06-03 10:04:07,283:INFO:You can set `force_row_wise=true` to remove the overhead.
2026-06-03 10:04:07,283:INFO:And if memory is not enough, you can set `force_col_wise=true`.
2026-06-03 10:04:07,283:INFO:[LightGBM] [Info] Total Bins 1691
2026-06-03 10:04:07,283:INFO:[LightGBM] [Info] Number of data points in the train set: 285697, number of used features: 25
2026-06-03 10:04:07,283:INFO:[LightGBM] [Info] [binary:BoostFromScore]: pavg=0.471101 -> initscore=-0.115727
2026-06-03 10:04:07,284:INFO:[LightGBM] [Info] Start training from score -0.115727
2026-06-03 10:04:09,966:INFO:[LightGBM] [Info] Number of positive: 134652, number of negative: 151045
2026-06-03 10:04:09,976:INFO:[LightGBM] [Info] Auto-choosing row-wise multi-threading, the overhead of testing was 0.004464 seconds.
2026-06-03 10:04:09,977:INFO:You can set `force_row_wise=true` to remove the overhead.
2026-06-03 10:04:09,977:INFO:And if memory is not enough, you can set `force_col_wise=true`.
2026-06-03 10:04:09,977:INFO:[LightGBM] [Info] Total Bins 1691
2026-06-03 10:04:09,977:INFO:[LightGBM] [Info] Number of data points in the train set: 285697, number of used features: 25
2026-06-03 10:04:09,977:INFO:[LightGBM] [Info] [binary:BoostFromScore]: pavg=0.471311 -> initscore=-0.114884
2026-06-03 10:04:09,977:INFO:[LightGBM] [Info] Start training from score -0.114884
2026-06-03 10:04:12,239:INFO:[LightGBM] [Info] Number of positive: 134574, number of negative: 151123
2026-06-03 10:04:12,251:INFO:[LightGBM] [Info] Auto-choosing row-wise multi-threading, the overhead of testing was 0.005131 seconds.
2026-06-03 10:04:12,251:INFO:You can set `force_row_wise=true` to remove the overhead.
2026-06-03 10:04:12,251:INFO:And if memory is not enough, you can set `force_col_wise=true`.
2026-06-03 10:04:12,251:INFO:[LightGBM] [Info] Total Bins 1691
2026-06-03 10:04:12,251:INFO:[LightGBM] [Info] Number of data points in the train set: 285697, number of used features: 25
2026-06-03 10:04:12,251:INFO:[LightGBM] [Info] [binary:BoostFromScore]: pavg=0.471037 -> initscore=-0.115980
2026-06-03 10:04:12,251:INFO:[LightGBM] [Info] Start training from score -0.115980
2026-06-03 10:04:14,508:INFO:[LightGBM] [Info] Number of positive: 134683, number of negative: 151014
2026-06-03 10:04:14,521:INFO:[LightGBM] [Info] Auto-choosing row-wise multi-threading, the overhead of testing was 0.004429 seconds.
2026-06-03 10:04:14,521:INFO:You can set `force_row_wise=true` to remove the overhead.
2026-06-03 10:04:14,521:INFO:And if memory is not enough, you can set `force_col_wise=true`.
2026-06-03 10:04:14,521:INFO:[LightGBM] [Info] Total Bins 1691
2026-06-03 10:04:14,521:INFO:[LightGBM] [Info] Number of data points in the train set: 285697, number of used features: 25
2026-06-03 10:04:14,521:INFO:[LightGBM] [Info] [binary:BoostFromScore]: pavg=0.471419 -> initscore=-0.114449
2026-06-03 10:04:14,522:INFO:[LightGBM] [Info] Start training from score -0.114449
2026-06-03 10:04:16,796:INFO:[LightGBM] [Info] Number of positive: 134604, number of negative: 151093
2026-06-03 10:04:16,806:INFO:[LightGBM] [Info] Auto-choosing row-wise multi-threading, the overhead of testing was 0.004706 seconds.
2026-06-03 10:04:16,806:INFO:You can set `force_row_wise=true` to remove the overhead.
2026-06-03 10:04:16,806:INFO:And if memory is not enough, you can set `force_col_wise=true`.
2026-06-03 10:04:16,806:INFO:[LightGBM] [Info] Total Bins 1691
2026-06-03 10:04:16,806:INFO:[LightGBM] [Info] Number of data points in the train set: 285697, number of used features: 25
2026-06-03 10:04:16,807:INFO:[LightGBM] [Info] [binary:BoostFromScore]: pavg=0.471143 -> initscore=-0.115558
2026-06-03 10:04:16,807:INFO:[LightGBM] [Info] Start training from score -0.115558
2026-06-03 10:04:18,941:INFO:[LightGBM] [Info] Number of positive: 134560, number of negative: 151137
2026-06-03 10:04:18,952:INFO:[LightGBM] [Info] Auto-choosing row-wise multi-threading, the overhead of testing was 0.004497 seconds.
2026-06-03 10:04:18,952:INFO:You can set `force_row_wise=true` to remove the overhead.
2026-06-03 10:04:18,952:INFO:And if memory is not enough, you can set `force_col_wise=true`.
2026-06-03 10:04:18,952:INFO:[LightGBM] [Info] Total Bins 1692
2026-06-03 10:04:18,952:INFO:[LightGBM] [Info] Number of data points in the train set: 285697, number of used features: 25
2026-06-03 10:04:18,953:INFO:[LightGBM] [Info] [binary:BoostFromScore]: pavg=0.470988 -> initscore=-0.116177
2026-06-03 10:04:18,953:INFO:[LightGBM] [Info] Start training from score -0.116177
2026-06-03 10:04:21,128:INFO:[LightGBM] [Info] Number of positive: 134533, number of negative: 151164
2026-06-03 10:04:21,138:INFO:[LightGBM] [Info] Auto-choosing row-wise multi-threading, the overhead of testing was 0.005242 seconds.
2026-06-03 10:04:21,139:INFO:You can set `force_row_wise=true` to remove the overhead.
2026-06-03 10:04:21,139:INFO:And if memory is not enough, you can set `force_col_wise=true`.
2026-06-03 10:04:21,139:INFO:[LightGBM] [Info] Total Bins 1691
2026-06-03 10:04:21,139:INFO:[LightGBM] [Info] Number of data points in the train set: 285697, number of used features: 25
2026-06-03 10:04:21,139:INFO:[LightGBM] [Info] [binary:BoostFromScore]: pavg=0.470894 -> initscore=-0.116556
2026-06-03 10:04:21,139:INFO:[LightGBM] [Info] Start training from score -0.116556
2026-06-03 10:04:23,278:INFO:[LightGBM] [Info] Number of positive: 134567, number of negative: 151130
2026-06-03 10:04:23,288:INFO:[LightGBM] [Info] Auto-choosing row-wise multi-threading, the overhead of testing was 0.005108 seconds.
2026-06-03 10:04:23,288:INFO:You can set `force_row_wise=true` to remove the overhead.
2026-06-03 10:04:23,288:INFO:And if memory is not enough, you can set `force_col_wise=true`.
2026-06-03 10:04:23,289:INFO:[LightGBM] [Info] Total Bins 1691
2026-06-03 10:04:23,289:INFO:[LightGBM] [Info] Number of data points in the train set: 285697, number of used features: 25
2026-06-03 10:04:23,289:INFO:[LightGBM] [Info] [binary:BoostFromScore]: pavg=0.471013 -> initscore=-0.116078
2026-06-03 10:04:23,289:INFO:[LightGBM] [Info] Start training from score -0.116078
2026-06-03 10:04:25,450:INFO:[LightGBM] [Info] Number of positive: 134619, number of negative: 151078
2026-06-03 10:04:25,460:INFO:[LightGBM] [Info] Auto-choosing row-wise multi-threading, the overhead of testing was 0.004551 seconds.
2026-06-03 10:04:25,460:INFO:You can set `force_row_wise=true` to remove the overhead.
2026-06-03 10:04:25,461:INFO:And if memory is not enough, you can set `force_col_wise=true`.
2026-06-03 10:04:25,461:INFO:[LightGBM] [Info] Total Bins 1693
2026-06-03 10:04:25,461:INFO:[LightGBM] [Info] Number of data points in the train set: 285697, number of used features: 25
2026-06-03 10:04:25,461:INFO:[LightGBM] [Info] [binary:BoostFromScore]: pavg=0.471195 -> initscore=-0.115348
2026-06-03 10:04:25,461:INFO:[LightGBM] [Info] Start training from score -0.115348
2026-06-03 10:04:28,282:INFO:[LightGBM] [Info] Number of positive: 134627, number of negative: 151070
2026-06-03 10:04:28,318:INFO:[LightGBM] [Info] Auto-choosing row-wise multi-threading, the overhead of testing was 0.014998 seconds.
2026-06-03 10:04:28,318:INFO:You can set `force_row_wise=true` to remove the overhead.
2026-06-03 10:04:28,318:INFO:And if memory is not enough, you can set `force_col_wise=true`.
2026-06-03 10:04:28,319:INFO:[LightGBM] [Info] Total Bins 1691
2026-06-03 10:04:28,319:INFO:[LightGBM] [Info] Number of data points in the train set: 285697, number of used features: 25
2026-06-03 10:04:28,320:INFO:[LightGBM] [Info] [binary:BoostFromScore]: pavg=0.471223 -> initscore=-0.115235
2026-06-03 10:04:28,321:INFO:[LightGBM] [Info] Start training from score -0.115235
2026-06-03 10:04:31,383:INFO:[LightGBM] [Info] Number of positive: 134626, number of negative: 151071
2026-06-03 10:04:31,396:INFO:[LightGBM] [Info] Auto-choosing row-wise multi-threading, the overhead of testing was 0.006164 seconds.
2026-06-03 10:04:31,396:INFO:You can set `force_row_wise=true` to remove the overhead.
2026-06-03 10:04:31,396:INFO:And if memory is not enough, you can set `force_col_wise=true`.
2026-06-03 10:04:31,396:INFO:[LightGBM] [Info] Total Bins 1691
2026-06-03 10:04:31,396:INFO:[LightGBM] [Info] Number of data points in the train set: 285697, number of used features: 25
2026-06-03 10:04:31,397:INFO:[LightGBM] [Info] [binary:BoostFromScore]: pavg=0.471220 -> initscore=-0.115249
2026-06-03 10:04:31,397:INFO:[LightGBM] [Info] Start training from score -0.115249
2026-06-03 10:04:34,473:INFO:[LightGBM] [Info] Number of positive: 134664, number of negative: 151033
2026-06-03 10:04:34,489:INFO:[LightGBM] [Info] Auto-choosing row-wise multi-threading, the overhead of testing was 0.007267 seconds.
2026-06-03 10:04:34,489:INFO:You can set `force_row_wise=true` to remove the overhead.
2026-06-03 10:04:34,489:INFO:And if memory is not enough, you can set `force_col_wise=true`.
2026-06-03 10:04:34,489:INFO:[LightGBM] [Info] Total Bins 1691
2026-06-03 10:04:34,489:INFO:[LightGBM] [Info] Number of data points in the train set: 285697, number of used features: 25
2026-06-03 10:04:34,490:INFO:[LightGBM] [Info] [binary:BoostFromScore]: pavg=0.471353 -> initscore=-0.114716
2026-06-03 10:04:34,490:INFO:[LightGBM] [Info] Start training from score -0.114716
2026-06-03 10:04:37,459:INFO:[LightGBM] [Info] Number of positive: 134572, number of negative: 151125
2026-06-03 10:04:37,476:INFO:[LightGBM] [Info] Auto-choosing row-wise multi-threading, the overhead of testing was 0.008137 seconds.
2026-06-03 10:04:37,476:INFO:You can set `force_row_wise=true` to remove the overhead.
2026-06-03 10:04:37,476:INFO:And if memory is not enough, you can set `force_col_wise=true`.
2026-06-03 10:04:37,476:INFO:[LightGBM] [Info] Total Bins 1691
2026-06-03 10:04:37,477:INFO:[LightGBM] [Info] Number of data points in the train set: 285697, number of used features: 25
2026-06-03 10:04:37,479:INFO:[LightGBM] [Info] [binary:BoostFromScore]: pavg=0.471030 -> initscore=-0.116008
2026-06-03 10:04:37,479:INFO:[LightGBM] [Info] Start training from score -0.116008
2026-06-03 10:04:40,182:INFO:[LightGBM] [Info] Number of positive: 134604, number of negative: 151093
2026-06-03 10:04:40,194:INFO:[LightGBM] [Info] Auto-choosing row-wise multi-threading, the overhead of testing was 0.004917 seconds.
2026-06-03 10:04:40,194:INFO:You can set `force_row_wise=true` to remove the overhead.
2026-06-03 10:04:40,194:INFO:And if memory is not enough, you can set `force_col_wise=true`.
2026-06-03 10:04:40,194:INFO:[LightGBM] [Info] Total Bins 1692
2026-06-03 10:04:40,194:INFO:[LightGBM] [Info] Number of data points in the train set: 285697, number of used features: 25
2026-06-03 10:04:40,194:INFO:[LightGBM] [Info] [binary:BoostFromScore]: pavg=0.471143 -> initscore=-0.115558
2026-06-03 10:04:40,195:INFO:[LightGBM] [Info] Start training from score -0.115558
2026-06-03 10:04:42,471:INFO:[LightGBM] [Info] Number of positive: 134707, number of negative: 150990
2026-06-03 10:04:42,486:INFO:[LightGBM] [Info] Auto-choosing row-wise multi-threading, the overhead of testing was 0.004283 seconds.
2026-06-03 10:04:42,486:INFO:You can set `force_row_wise=true` to remove the overhead.
2026-06-03 10:04:42,486:INFO:And if memory is not enough, you can set `force_col_wise=true`.
2026-06-03 10:04:42,486:INFO:[LightGBM] [Info] Total Bins 1691
2026-06-03 10:04:42,486:INFO:[LightGBM] [Info] Number of data points in the train set: 285697, number of used features: 25
2026-06-03 10:04:42,487:INFO:[LightGBM] [Info] [binary:BoostFromScore]: pavg=0.471503 -> initscore=-0.114112
2026-06-03 10:04:42,487:INFO:[LightGBM] [Info] Start training from score -0.114112
2026-06-03 10:04:44,666:INFO:[LightGBM] [Info] Number of positive: 134555, number of negative: 151142
2026-06-03 10:04:44,677:INFO:[LightGBM] [Info] Auto-choosing row-wise multi-threading, the overhead of testing was 0.004790 seconds.
2026-06-03 10:04:44,677:INFO:You can set `force_row_wise=true` to remove the overhead.
2026-06-03 10:04:44,677:INFO:And if memory is not enough, you can set `force_col_wise=true`.
2026-06-03 10:04:44,677:INFO:[LightGBM] [Info] Total Bins 1692
2026-06-03 10:04:44,677:INFO:[LightGBM] [Info] Number of data points in the train set: 285697, number of used features: 25
2026-06-03 10:04:44,677:INFO:[LightGBM] [Info] [binary:BoostFromScore]: pavg=0.470971 -> initscore=-0.116247
2026-06-03 10:04:44,677:INFO:[LightGBM] [Info] Start training from score -0.116247
2026-06-03 10:04:46,796:INFO:[LightGBM] [Info] Number of positive: 134616, number of negative: 151081
2026-06-03 10:04:46,805:INFO:[LightGBM] [Info] Auto-choosing row-wise multi-threading, the overhead of testing was 0.004370 seconds.
2026-06-03 10:04:46,805:INFO:You can set `force_row_wise=true` to remove the overhead.
2026-06-03 10:04:46,806:INFO:And if memory is not enough, you can set `force_col_wise=true`.
2026-06-03 10:04:46,806:INFO:[LightGBM] [Info] Total Bins 1691
2026-06-03 10:04:46,806:INFO:[LightGBM] [Info] Number of data points in the train set: 285697, number of used features: 25
2026-06-03 10:04:46,806:INFO:[LightGBM] [Info] [binary:BoostFromScore]: pavg=0.471185 -> initscore=-0.115390
2026-06-03 10:04:46,806:INFO:[LightGBM] [Info] Start training from score -0.115390
2026-06-03 10:04:48,946:INFO:[LightGBM] [Info] Number of positive: 134579, number of negative: 151118
2026-06-03 10:04:48,956:INFO:[LightGBM] [Info] Auto-choosing row-wise multi-threading, the overhead of testing was 0.004800 seconds.
2026-06-03 10:04:48,956:INFO:You can set `force_row_wise=true` to remove the overhead.
2026-06-03 10:04:48,957:INFO:And if memory is not enough, you can set `force_col_wise=true`.
2026-06-03 10:04:48,957:INFO:[LightGBM] [Info] Total Bins 1692
2026-06-03 10:04:48,957:INFO:[LightGBM] [Info] Number of data points in the train set: 285697, number of used features: 25
2026-06-03 10:04:48,957:INFO:[LightGBM] [Info] [binary:BoostFromScore]: pavg=0.471055 -> initscore=-0.115910
2026-06-03 10:04:48,957:INFO:[LightGBM] [Info] Start training from score -0.115910
2026-06-03 10:04:51,103:INFO:[LightGBM] [Info] Number of positive: 134499, number of negative: 151198
2026-06-03 10:04:51,123:INFO:[LightGBM] [Info] Auto-choosing row-wise multi-threading, the overhead of testing was 0.010384 seconds.
2026-06-03 10:04:51,123:INFO:You can set `force_row_wise=true` to remove the overhead.
2026-06-03 10:04:51,123:INFO:And if memory is not enough, you can set `force_col_wise=true`.
2026-06-03 10:04:51,123:INFO:[LightGBM] [Info] Total Bins 1692
2026-06-03 10:04:51,123:INFO:[LightGBM] [Info] Number of data points in the train set: 285697, number of used features: 25
2026-06-03 10:04:51,124:INFO:[LightGBM] [Info] [binary:BoostFromScore]: pavg=0.470775 -> initscore=-0.117033
2026-06-03 10:04:51,125:INFO:[LightGBM] [Info] Start training from score -0.117033
2026-06-03 10:04:54,022:INFO:[LightGBM] [Info] Number of positive: 134496, number of negative: 151201
2026-06-03 10:04:54,034:INFO:[LightGBM] [Info] Auto-choosing row-wise multi-threading, the overhead of testing was 0.004727 seconds.
2026-06-03 10:04:54,034:INFO:You can set `force_row_wise=true` to remove the overhead.
2026-06-03 10:04:54,034:INFO:And if memory is not enough, you can set `force_col_wise=true`.
2026-06-03 10:04:54,034:INFO:[LightGBM] [Info] Total Bins 1691
2026-06-03 10:04:54,034:INFO:[LightGBM] [Info] Number of data points in the train set: 285697, number of used features: 25
2026-06-03 10:04:54,035:INFO:[LightGBM] [Info] [binary:BoostFromScore]: pavg=0.470764 -> initscore=-0.117076
2026-06-03 10:04:54,035:INFO:[LightGBM] [Info] Start training from score -0.117076
2026-06-03 10:04:56,188:INFO:[LightGBM] [Info] Number of positive: 134649, number of negative: 151048
2026-06-03 10:04:56,200:INFO:[LightGBM] [Info] Auto-choosing row-wise multi-threading, the overhead of testing was 0.004333 seconds.
2026-06-03 10:04:56,200:INFO:You can set `force_row_wise=true` to remove the overhead.
2026-06-03 10:04:56,200:INFO:And if memory is not enough, you can set `force_col_wise=true`.
2026-06-03 10:04:56,200:INFO:[LightGBM] [Info] Total Bins 1691
2026-06-03 10:04:56,200:INFO:[LightGBM] [Info] Number of data points in the train set: 285697, number of used features: 25
2026-06-03 10:04:56,201:INFO:[LightGBM] [Info] [binary:BoostFromScore]: pavg=0.471300 -> initscore=-0.114926
2026-06-03 10:04:56,201:INFO:[LightGBM] [Info] Start training from score -0.114926
2026-06-03 10:04:58,451:INFO:[LightGBM] [Info] Number of positive: 134402, number of negative: 151295
2026-06-03 10:04:58,469:INFO:[LightGBM] [Info] Auto-choosing row-wise multi-threading, the overhead of testing was 0.007031 seconds.
2026-06-03 10:04:58,469:INFO:You can set `force_row_wise=true` to remove the overhead.
2026-06-03 10:04:58,469:INFO:And if memory is not enough, you can set `force_col_wise=true`.
2026-06-03 10:04:58,469:INFO:[LightGBM] [Info] Total Bins 1692
2026-06-03 10:04:58,470:INFO:[LightGBM] [Info] Number of data points in the train set: 285697, number of used features: 25
2026-06-03 10:04:58,471:INFO:[LightGBM] [Info] [binary:BoostFromScore]: pavg=0.470435 -> initscore=-0.118396
2026-06-03 10:04:58,471:INFO:[LightGBM] [Info] Start training from score -0.118396
2026-06-03 10:05:01,967:INFO:[LightGBM] [Info] Number of positive: 134612, number of negative: 151085
2026-06-03 10:05:01,979:INFO:[LightGBM] [Info] Auto-choosing row-wise multi-threading, the overhead of testing was 0.005221 seconds.
2026-06-03 10:05:01,979:INFO:You can set `force_row_wise=true` to remove the overhead.
2026-06-03 10:05:01,979:INFO:And if memory is not enough, you can set `force_col_wise=true`.
2026-06-03 10:05:01,980:INFO:[LightGBM] [Info] Total Bins 1692
2026-06-03 10:05:01,980:INFO:[LightGBM] [Info] Number of data points in the train set: 285697, number of used features: 25
2026-06-03 10:05:01,980:INFO:[LightGBM] [Info] [binary:BoostFromScore]: pavg=0.471171 -> initscore=-0.115446
2026-06-03 10:05:01,980:INFO:[LightGBM] [Info] Start training from score -0.115446
2026-06-03 10:05:04,204:INFO:[LightGBM] [Info] Number of positive: 134456, number of negative: 151241
2026-06-03 10:05:04,215:INFO:[LightGBM] [Info] Auto-choosing row-wise multi-threading, the overhead of testing was 0.005084 seconds.
2026-06-03 10:05:04,215:INFO:You can set `force_row_wise=true` to remove the overhead.
2026-06-03 10:05:04,215:INFO:And if memory is not enough, you can set `force_col_wise=true`.
2026-06-03 10:05:04,215:INFO:[LightGBM] [Info] Total Bins 1691
2026-06-03 10:05:04,215:INFO:[LightGBM] [Info] Number of data points in the train set: 285697, number of used features: 25
2026-06-03 10:05:04,216:INFO:[LightGBM] [Info] [binary:BoostFromScore]: pavg=0.470624 -> initscore=-0.117638
2026-06-03 10:05:04,216:INFO:[LightGBM] [Info] Start training from score -0.117638
2026-06-03 10:05:06,537:INFO:[LightGBM] [Info] Number of positive: 134503, number of negative: 151194
2026-06-03 10:05:06,553:INFO:[LightGBM] [Info] Auto-choosing row-wise multi-threading, the overhead of testing was 0.008914 seconds.
2026-06-03 10:05:06,553:INFO:You can set `force_row_wise=true` to remove the overhead.
2026-06-03 10:05:06,553:INFO:And if memory is not enough, you can set `force_col_wise=true`.
2026-06-03 10:05:06,554:INFO:[LightGBM] [Info] Total Bins 1691
2026-06-03 10:05:06,554:INFO:[LightGBM] [Info] Number of data points in the train set: 285697, number of used features: 25
2026-06-03 10:05:06,554:INFO:[LightGBM] [Info] [binary:BoostFromScore]: pavg=0.470789 -> initscore=-0.116977
2026-06-03 10:05:06,555:INFO:[LightGBM] [Info] Start training from score -0.116977
2026-06-03 10:05:09,472:INFO:[LightGBM] [Info] Number of positive: 134679, number of negative: 151018
2026-06-03 10:05:09,489:INFO:[LightGBM] [Info] Auto-choosing row-wise multi-threading, the overhead of testing was 0.007689 seconds.
2026-06-03 10:05:09,489:INFO:You can set `force_row_wise=true` to remove the overhead.
2026-06-03 10:05:09,489:INFO:And if memory is not enough, you can set `force_col_wise=true`.
2026-06-03 10:05:09,489:INFO:[LightGBM] [Info] Total Bins 1691
2026-06-03 10:05:09,489:INFO:[LightGBM] [Info] Number of data points in the train set: 285697, number of used features: 25
2026-06-03 10:05:09,490:INFO:[LightGBM] [Info] [binary:BoostFromScore]: pavg=0.471405 -> initscore=-0.114505
2026-06-03 10:05:09,491:INFO:[LightGBM] [Info] Start training from score -0.114505
2026-06-03 10:05:12,717:INFO:[LightGBM] [Info] Number of positive: 134568, number of negative: 151129
2026-06-03 10:05:12,727:INFO:[LightGBM] [Info] Auto-choosing row-wise multi-threading, the overhead of testing was 0.004357 seconds.
2026-06-03 10:05:12,728:INFO:You can set `force_row_wise=true` to remove the overhead.
2026-06-03 10:05:12,728:INFO:And if memory is not enough, you can set `force_col_wise=true`.
2026-06-03 10:05:12,728:INFO:[LightGBM] [Info] Total Bins 1691
2026-06-03 10:05:12,728:INFO:[LightGBM] [Info] Number of data points in the train set: 285697, number of used features: 25
2026-06-03 10:05:12,729:INFO:[LightGBM] [Info] [binary:BoostFromScore]: pavg=0.471016 -> initscore=-0.116064
2026-06-03 10:05:12,729:INFO:[LightGBM] [Info] Start training from score -0.116064
2026-06-03 10:05:14,906:INFO:[LightGBM] [Info] Number of positive: 134514, number of negative: 151183
2026-06-03 10:05:14,917:INFO:[LightGBM] [Info] Auto-choosing row-wise multi-threading, the overhead of testing was 0.005325 seconds.
2026-06-03 10:05:14,917:INFO:You can set `force_row_wise=true` to remove the overhead.
2026-06-03 10:05:14,917:INFO:And if memory is not enough, you can set `force_col_wise=true`.
2026-06-03 10:05:14,918:INFO:[LightGBM] [Info] Total Bins 1691
2026-06-03 10:05:14,918:INFO:[LightGBM] [Info] Number of data points in the train set: 285697, number of used features: 25
2026-06-03 10:05:14,919:INFO:[LightGBM] [Info] [binary:BoostFromScore]: pavg=0.470827 -> initscore=-0.116823
2026-06-03 10:05:14,919:INFO:[LightGBM] [Info] Start training from score -0.116823
2026-06-03 10:05:17,106:INFO:[LightGBM] [Info] Number of positive: 134528, number of negative: 151169
2026-06-03 10:05:17,116:INFO:[LightGBM] [Info] Auto-choosing row-wise multi-threading, the overhead of testing was 0.005048 seconds.
2026-06-03 10:05:17,116:INFO:You can set `force_row_wise=true` to remove the overhead.
2026-06-03 10:05:17,116:INFO:And if memory is not enough, you can set `force_col_wise=true`.
2026-06-03 10:05:17,116:INFO:[LightGBM] [Info] Total Bins 1691
2026-06-03 10:05:17,116:INFO:[LightGBM] [Info] Number of data points in the train set: 285697, number of used features: 25
2026-06-03 10:05:17,116:INFO:[LightGBM] [Info] [binary:BoostFromScore]: pavg=0.470876 -> initscore=-0.116626
2026-06-03 10:05:17,117:INFO:[LightGBM] [Info] Start training from score -0.116626
2026-06-03 10:05:19,345:INFO:[LightGBM] [Info] Number of positive: 134660, number of negative: 151037
2026-06-03 10:05:19,372:INFO:[LightGBM] [Info] Auto-choosing row-wise multi-threading, the overhead of testing was 0.011990 seconds.
2026-06-03 10:05:19,373:INFO:You can set `force_row_wise=true` to remove the overhead.
2026-06-03 10:05:19,373:INFO:And if memory is not enough, you can set `force_col_wise=true`.
2026-06-03 10:05:19,373:INFO:[LightGBM] [Info] Total Bins 1691
2026-06-03 10:05:19,373:INFO:[LightGBM] [Info] Number of data points in the train set: 285697, number of used features: 25
2026-06-03 10:05:19,374:INFO:[LightGBM] [Info] [binary:BoostFromScore]: pavg=0.471339 -> initscore=-0.114772
2026-06-03 10:05:19,374:INFO:[LightGBM] [Info] Start training from score -0.114772
2026-06-03 10:05:22,576:INFO:[LightGBM] [Info] Number of positive: 134567, number of negative: 151130
2026-06-03 10:05:22,588:INFO:[LightGBM] [Info] Auto-choosing row-wise multi-threading, the overhead of testing was 0.004887 seconds.
2026-06-03 10:05:22,588:INFO:You can set `force_row_wise=true` to remove the overhead.
2026-06-03 10:05:22,588:INFO:And if memory is not enough, you can set `force_col_wise=true`.
2026-06-03 10:05:22,588:INFO:[LightGBM] [Info] Total Bins 1691
2026-06-03 10:05:22,588:INFO:[LightGBM] [Info] Number of data points in the train set: 285697, number of used features: 25
2026-06-03 10:05:22,589:INFO:[LightGBM] [Info] [binary:BoostFromScore]: pavg=0.471013 -> initscore=-0.116078
2026-06-03 10:05:22,589:INFO:[LightGBM] [Info] Start training from score -0.116078
2026-06-03 10:05:25,053:INFO:[LightGBM] [Info] Number of positive: 134597, number of negative: 151100
2026-06-03 10:05:25,067:INFO:[LightGBM] [Info] Auto-choosing row-wise multi-threading, the overhead of testing was 0.006879 seconds.
2026-06-03 10:05:25,067:INFO:You can set `force_row_wise=true` to remove the overhead.
2026-06-03 10:05:25,067:INFO:And if memory is not enough, you can set `force_col_wise=true`.
2026-06-03 10:05:25,067:INFO:[LightGBM] [Info] Total Bins 1692
2026-06-03 10:05:25,067:INFO:[LightGBM] [Info] Number of data points in the train set: 285697, number of used features: 25
2026-06-03 10:05:25,067:INFO:[LightGBM] [Info] [binary:BoostFromScore]: pavg=0.471118 -> initscore=-0.115657
2026-06-03 10:05:25,068:INFO:[LightGBM] [Info] Start training from score -0.115657
2026-06-03 10:05:28,300:INFO:[LightGBM] [Info] Number of positive: 134672, number of negative: 151025
2026-06-03 10:05:28,313:INFO:[LightGBM] [Info] Auto-choosing row-wise multi-threading, the overhead of testing was 0.004769 seconds.
2026-06-03 10:05:28,313:INFO:You can set `force_row_wise=true` to remove the overhead.
2026-06-03 10:05:28,313:INFO:And if memory is not enough, you can set `force_col_wise=true`.
2026-06-03 10:05:28,313:INFO:[LightGBM] [Info] Total Bins 1692
2026-06-03 10:05:28,313:INFO:[LightGBM] [Info] Number of data points in the train set: 285697, number of used features: 25
2026-06-03 10:05:28,314:INFO:[LightGBM] [Info] [binary:BoostFromScore]: pavg=0.471381 -> initscore=-0.114603
2026-06-03 10:05:28,314:INFO:[LightGBM] [Info] Start training from score -0.114603
2026-06-03 10:05:31,101:INFO:[LightGBM] [Info] Number of positive: 134460, number of negative: 151237
2026-06-03 10:05:31,111:INFO:[LightGBM] [Info] Auto-choosing row-wise multi-threading, the overhead of testing was 0.005228 seconds.
2026-06-03 10:05:31,111:INFO:You can set `force_row_wise=true` to remove the overhead.
2026-06-03 10:05:31,111:INFO:And if memory is not enough, you can set `force_col_wise=true`.
2026-06-03 10:05:31,111:INFO:[LightGBM] [Info] Total Bins 1691
2026-06-03 10:05:31,111:INFO:[LightGBM] [Info] Number of data points in the train set: 285697, number of used features: 25
2026-06-03 10:05:31,112:INFO:[LightGBM] [Info] [binary:BoostFromScore]: pavg=0.470638 -> initscore=-0.117581
2026-06-03 10:05:31,112:INFO:[LightGBM] [Info] Start training from score -0.117581
2026-06-03 10:05:33,930:INFO:[LightGBM] [Info] Number of positive: 134659, number of negative: 151038
2026-06-03 10:05:33,941:INFO:[LightGBM] [Info] Auto-choosing row-wise multi-threading, the overhead of testing was 0.005174 seconds.
2026-06-03 10:05:33,941:INFO:You can set `force_row_wise=true` to remove the overhead.
2026-06-03 10:05:33,941:INFO:And if memory is not enough, you can set `force_col_wise=true`.
2026-06-03 10:05:33,941:INFO:[LightGBM] [Info] Total Bins 1692
2026-06-03 10:05:33,941:INFO:[LightGBM] [Info] Number of data points in the train set: 285697, number of used features: 25
2026-06-03 10:05:33,942:INFO:[LightGBM] [Info] [binary:BoostFromScore]: pavg=0.471335 -> initscore=-0.114786
2026-06-03 10:05:33,942:INFO:[LightGBM] [Info] Start training from score -0.114786
2026-06-03 10:05:36,200:INFO:[LightGBM] [Info] Number of positive: 134456, number of negative: 151241
2026-06-03 10:05:36,210:INFO:[LightGBM] [Info] Auto-choosing row-wise multi-threading, the overhead of testing was 0.004376 seconds.
2026-06-03 10:05:36,210:INFO:You can set `force_row_wise=true` to remove the overhead.
2026-06-03 10:05:36,210:INFO:And if memory is not enough, you can set `force_col_wise=true`.
2026-06-03 10:05:36,210:INFO:[LightGBM] [Info] Total Bins 1691
2026-06-03 10:05:36,210:INFO:[LightGBM] [Info] Number of data points in the train set: 285697, number of used features: 25
2026-06-03 10:05:36,211:INFO:[LightGBM] [Info] [binary:BoostFromScore]: pavg=0.470624 -> initscore=-0.117638
2026-06-03 10:05:36,211:INFO:[LightGBM] [Info] Start training from score -0.117638
2026-06-03 10:05:38,440:INFO:[LightGBM] [Info] Number of positive: 134322, number of negative: 151375
2026-06-03 10:05:38,452:INFO:[LightGBM] [Info] Auto-choosing row-wise multi-threading, the overhead of testing was 0.005297 seconds.
2026-06-03 10:05:38,452:INFO:You can set `force_row_wise=true` to remove the overhead.
2026-06-03 10:05:38,452:INFO:And if memory is not enough, you can set `force_col_wise=true`.
2026-06-03 10:05:38,452:INFO:[LightGBM] [Info] Total Bins 1691
2026-06-03 10:05:38,452:INFO:[LightGBM] [Info] Number of data points in the train set: 285697, number of used features: 25
2026-06-03 10:05:38,453:INFO:[LightGBM] [Info] [binary:BoostFromScore]: pavg=0.470155 -> initscore=-0.119520
2026-06-03 10:05:38,453:INFO:[LightGBM] [Info] Start training from score -0.119520
2026-06-03 10:05:40,605:INFO:[LightGBM] [Info] Number of positive: 134660, number of negative: 151037
2026-06-03 10:05:40,615:INFO:[LightGBM] [Info] Auto-choosing row-wise multi-threading, the overhead of testing was 0.004645 seconds.
2026-06-03 10:05:40,615:INFO:You can set `force_row_wise=true` to remove the overhead.
2026-06-03 10:05:40,615:INFO:And if memory is not enough, you can set `force_col_wise=true`.
2026-06-03 10:05:40,615:INFO:[LightGBM] [Info] Total Bins 1693
2026-06-03 10:05:40,615:INFO:[LightGBM] [Info] Number of data points in the train set: 285697, number of used features: 25
2026-06-03 10:05:40,616:INFO:[LightGBM] [Info] [binary:BoostFromScore]: pavg=0.471339 -> initscore=-0.114772
2026-06-03 10:05:40,616:INFO:[LightGBM] [Info] Start training from score -0.114772
2026-06-03 10:05:43,328:INFO:[LightGBM] [Info] Number of positive: 134689, number of negative: 151008
2026-06-03 10:05:43,339:INFO:[LightGBM] [Info] Auto-choosing row-wise multi-threading, the overhead of testing was 0.005101 seconds.
2026-06-03 10:05:43,339:INFO:You can set `force_row_wise=true` to remove the overhead.
2026-06-03 10:05:43,339:INFO:And if memory is not enough, you can set `force_col_wise=true`.
2026-06-03 10:05:43,340:INFO:[LightGBM] [Info] Total Bins 1691
2026-06-03 10:05:43,340:INFO:[LightGBM] [Info] Number of data points in the train set: 285697, number of used features: 25
2026-06-03 10:05:43,340:INFO:[LightGBM] [Info] [binary:BoostFromScore]: pavg=0.471440 -> initscore=-0.114364
2026-06-03 10:05:43,340:INFO:[LightGBM] [Info] Start training from score -0.114364
2026-06-03 10:05:45,933:INFO:[LightGBM] [Info] Number of positive: 134422, number of negative: 151275
2026-06-03 10:05:45,946:INFO:[LightGBM] [Info] Auto-choosing row-wise multi-threading, the overhead of testing was 0.006687 seconds.
2026-06-03 10:05:45,946:INFO:You can set `force_row_wise=true` to remove the overhead.
2026-06-03 10:05:45,946:INFO:And if memory is not enough, you can set `force_col_wise=true`.
2026-06-03 10:05:45,946:INFO:[LightGBM] [Info] Total Bins 1692
2026-06-03 10:05:45,947:INFO:[LightGBM] [Info] Number of data points in the train set: 285697, number of used features: 25
2026-06-03 10:05:45,947:INFO:[LightGBM] [Info] [binary:BoostFromScore]: pavg=0.470505 -> initscore=-0.118115
2026-06-03 10:05:45,947:INFO:[LightGBM] [Info] Start training from score -0.118115
2026-06-03 10:05:48,211:INFO:[LightGBM] [Info] Number of positive: 134586, number of negative: 151111
2026-06-03 10:05:48,229:INFO:[LightGBM] [Info] Auto-choosing row-wise multi-threading, the overhead of testing was 0.009044 seconds.
2026-06-03 10:05:48,229:INFO:You can set `force_row_wise=true` to remove the overhead.
2026-06-03 10:05:48,229:INFO:And if memory is not enough, you can set `force_col_wise=true`.
2026-06-03 10:05:48,229:INFO:[LightGBM] [Info] Total Bins 1691
2026-06-03 10:05:48,229:INFO:[LightGBM] [Info] Number of data points in the train set: 285697, number of used features: 25
2026-06-03 10:05:48,230:INFO:[LightGBM] [Info] [binary:BoostFromScore]: pavg=0.471080 -> initscore=-0.115811
2026-06-03 10:05:48,230:INFO:[LightGBM] [Info] Start training from score -0.115811
2026-06-03 10:05:51,017:INFO:[LightGBM] [Info] Number of positive: 134467, number of negative: 151230
2026-06-03 10:05:51,027:INFO:[LightGBM] [Info] Auto-choosing row-wise multi-threading, the overhead of testing was 0.005084 seconds.
2026-06-03 10:05:51,027:INFO:You can set `force_row_wise=true` to remove the overhead.
2026-06-03 10:05:51,027:INFO:And if memory is not enough, you can set `force_col_wise=true`.
2026-06-03 10:05:51,027:INFO:[LightGBM] [Info] Total Bins 1691
2026-06-03 10:05:51,027:INFO:[LightGBM] [Info] Number of data points in the train set: 285697, number of used features: 25
2026-06-03 10:05:51,028:INFO:[LightGBM] [Info] [binary:BoostFromScore]: pavg=0.470663 -> initscore=-0.117483
2026-06-03 10:05:51,028:INFO:[LightGBM] [Info] Start training from score -0.117483
2026-06-03 10:05:53,181:INFO:[LightGBM] [Info] Number of positive: 134606, number of negative: 151091
2026-06-03 10:05:53,191:INFO:[LightGBM] [Info] Auto-choosing row-wise multi-threading, the overhead of testing was 0.004767 seconds.
2026-06-03 10:05:53,191:INFO:You can set `force_row_wise=true` to remove the overhead.
2026-06-03 10:05:53,191:INFO:And if memory is not enough, you can set `force_col_wise=true`.
2026-06-03 10:05:53,191:INFO:[LightGBM] [Info] Total Bins 1691
2026-06-03 10:05:53,192:INFO:[LightGBM] [Info] Number of data points in the train set: 285697, number of used features: 25
2026-06-03 10:05:53,192:INFO:[LightGBM] [Info] [binary:BoostFromScore]: pavg=0.471150 -> initscore=-0.115530
2026-06-03 10:05:53,192:INFO:[LightGBM] [Info] Start training from score -0.115530
2026-06-03 10:06:01,668:INFO:Scoring test/hold-out set
2026-06-03 10:06:02,114:INFO:Visual Rendered Successfully
2026-06-03 10:06:02,267:INFO:plot_model() successfully completed......................................
2026-06-03 10:06:02,277:INFO:Initializing plot_model()
2026-06-03 10:06:02,277:INFO:plot_model(plot=confusion_matrix, fold=None, verbose=True, display=None, display_format=None, estimator=LGBMClassifier(boosting_type='gbdt', class_weight=None, colsample_bytree=1.0,
               importance_type='split', learning_rate=0.1, max_depth=-1,
               min_child_samples=20, min_child_weight=0.001, min_split_gain=0.0,
               n_estimators=100, n_jobs=-1, num_leaves=31, objective=None,
               random_state=42, reg_alpha=0.0, reg_lambda=0.0, subsample=1.0,
               subsample_for_bin=200000, subsample_freq=0), feature_name=None, fit_kwargs=None, groups=None, label=False, plot_kwargs=None, save=False, scale=1, self=<pycaret.classification.oop.ClassificationExperiment object at 0x308c3f400>, system=True)
2026-06-03 10:06:02,278:INFO:Checking exceptions
2026-06-03 10:06:02,329:INFO:Preloading libraries
2026-06-03 10:06:02,333:INFO:Copying training dataset
2026-06-03 10:06:02,333:INFO:Plot type: confusion_matrix
2026-06-03 10:06:02,561:INFO:Fitting Model
2026-06-03 10:06:02,568:INFO:Scoring test/hold-out set
2026-06-03 10:06:02,834:INFO:Visual Rendered Successfully
2026-06-03 10:06:02,895:INFO:plot_model() successfully completed......................................
2026-06-03 10:06:02,905:INFO:Initializing plot_model()
2026-06-03 10:06:02,905:INFO:plot_model(plot=confusion_matrix, fold=None, verbose=True, display=None, display_format=None, estimator=LGBMClassifier(boosting_type='gbdt', class_weight=None, colsample_bytree=1.0,
               importance_type='split', learning_rate=0.1, max_depth=-1,
               min_child_samples=20, min_child_weight=0.001, min_split_gain=0.0,
               n_estimators=100, n_jobs=-1, num_leaves=31, objective=None,
               random_state=42, reg_alpha=0.0, reg_lambda=0.0, subsample=1.0,
               subsample_for_bin=200000, subsample_freq=0), feature_name=None, fit_kwargs=None, groups=None, label=False, plot_kwargs={'percent': True}, save=False, scale=1, self=<pycaret.classification.oop.ClassificationExperiment object at 0x308c3f400>, system=True)
2026-06-03 10:06:02,906:INFO:Checking exceptions
2026-06-03 10:06:02,928:INFO:Preloading libraries
2026-06-03 10:06:02,932:INFO:Copying training dataset
2026-06-03 10:06:02,932:INFO:Plot type: confusion_matrix
2026-06-03 10:06:03,128:INFO:Fitting Model
2026-06-03 10:06:03,134:INFO:Scoring test/hold-out set
2026-06-03 10:06:03,392:INFO:Visual Rendered Successfully
2026-06-03 10:06:03,452:INFO:plot_model() successfully completed......................................
2026-06-03 10:06:03,462:INFO:Initializing plot_model()
2026-06-03 10:06:03,462:INFO:plot_model(plot=error, fold=None, verbose=True, display=None, display_format=None, estimator=LGBMClassifier(boosting_type='gbdt', class_weight=None, colsample_bytree=1.0,
               importance_type='split', learning_rate=0.1, max_depth=-1,
               min_child_samples=20, min_child_weight=0.001, min_split_gain=0.0,
               n_estimators=100, n_jobs=-1, num_leaves=31, objective=None,
               random_state=42, reg_alpha=0.0, reg_lambda=0.0, subsample=1.0,
               subsample_for_bin=200000, subsample_freq=0), feature_name=None, fit_kwargs=None, groups=None, label=False, plot_kwargs=None, save=False, scale=1, self=<pycaret.classification.oop.ClassificationExperiment object at 0x308c3f400>, system=True)
2026-06-03 10:06:03,462:INFO:Checking exceptions
2026-06-03 10:06:03,545:INFO:Preloading libraries
2026-06-03 10:06:03,548:INFO:Copying training dataset
2026-06-03 10:06:03,548:INFO:Plot type: error
2026-06-03 10:06:03,753:INFO:Fitting Model
2026-06-03 10:06:03,760:INFO:Scoring test/hold-out set
2026-06-03 10:06:04,030:INFO:Visual Rendered Successfully
2026-06-03 10:06:04,091:INFO:plot_model() successfully completed......................................
2026-06-03 10:06:04,098:INFO:Initializing predict_model()
2026-06-03 10:06:04,098:INFO:predict_model(self=<pycaret.classification.oop.ClassificationExperiment object at 0x308c3f400>, estimator=LGBMClassifier(boosting_type='gbdt', class_weight=None, colsample_bytree=1.0,
               importance_type='split', learning_rate=0.1, max_depth=-1,
               min_child_samples=20, min_child_weight=0.001, min_split_gain=0.0,
               n_estimators=100, n_jobs=-1, num_leaves=31, objective=None,
               random_state=42, reg_alpha=0.0, reg_lambda=0.0, subsample=1.0,
               subsample_for_bin=200000, subsample_freq=0), probability_threshold=None, encoded_labels=False, raw_score=False, round=4, verbose=True, ml_usecase=None, preprocess=True, encode_labels=<function _SupervisedExperiment.predict_model.<locals>.encode_labels at 0x3312bc5e0>)
2026-06-03 10:06:04,099:INFO:Checking exceptions
2026-06-03 10:06:04,099:INFO:Preloading libraries
2026-06-03 10:06:05,615:INFO:Initializing plot_model()
2026-06-03 10:06:05,615:INFO:plot_model(plot=learning, fold=None, verbose=True, display=None, display_format=None, estimator=LGBMClassifier(boosting_type='gbdt', class_weight=None, colsample_bytree=1.0,
               importance_type='split', learning_rate=0.1, max_depth=-1,
               min_child_samples=20, min_child_weight=0.001, min_split_gain=0.0,
               n_estimators=100, n_jobs=-1, num_leaves=31, objective=None,
               random_state=42, reg_alpha=0.0, reg_lambda=0.0, subsample=1.0,
               subsample_for_bin=200000, subsample_freq=0), feature_name=None, fit_kwargs=None, groups=None, label=False, plot_kwargs=None, save=False, scale=1, self=<pycaret.classification.oop.ClassificationExperiment object at 0x308c3f400>, system=True)
2026-06-03 10:06:05,615:INFO:Checking exceptions
2026-06-03 10:06:05,647:INFO:Preloading libraries
2026-06-03 10:06:05,651:INFO:Copying training dataset
2026-06-03 10:06:05,651:INFO:Plot type: learning
2026-06-03 10:06:05,860:INFO:Fitting Model
2026-06-03 10:06:29,531:INFO:Visual Rendered Successfully
2026-06-03 10:06:29,645:INFO:plot_model() successfully completed......................................
2026-06-03 10:06:29,655:INFO:Initializing plot_model()
2026-06-03 10:06:29,655:INFO:plot_model(plot=vc, fold=None, verbose=True, display=None, display_format=None, estimator=LGBMClassifier(boosting_type='gbdt', class_weight=None, colsample_bytree=1.0,
               importance_type='split', learning_rate=0.1, max_depth=-1,
               min_child_samples=20, min_child_weight=0.001, min_split_gain=0.0,
               n_estimators=100, n_jobs=-1, num_leaves=31, objective=None,
               random_state=42, reg_alpha=0.0, reg_lambda=0.0, subsample=1.0,
               subsample_for_bin=200000, subsample_freq=0), feature_name=None, fit_kwargs=None, groups=None, label=False, plot_kwargs=None, save=False, scale=1, self=<pycaret.classification.oop.ClassificationExperiment object at 0x308c3f400>, system=True)
2026-06-03 10:06:29,655:INFO:Checking exceptions
2026-06-03 10:06:29,705:INFO:Preloading libraries
2026-06-03 10:06:29,710:INFO:Copying training dataset
2026-06-03 10:06:29,710:INFO:Plot type: vc
2026-06-03 10:06:29,711:INFO:Determining param_name
2026-06-03 10:06:29,711:INFO:param_name: max_depth
2026-06-03 10:06:29,943:INFO:Fitting Model
2026-06-03 10:07:01,671:INFO:Visual Rendered Successfully
2026-06-03 10:07:01,780:INFO:plot_model() successfully completed......................................
2026-06-03 10:07:01,837:INFO:Initializing get_config()
2026-06-03 10:07:01,837:INFO:get_config(self=<pycaret.classification.oop.ClassificationExperiment object at 0x308c3f400>, variable=X_train_transformed)
2026-06-03 10:07:02,002:INFO:Variable: X_train returned as         store_id_Store_A  store_id_Store_B  store_id_Store_C  \
0                    1.0               0.0               0.0   
1                    1.0               0.0               0.0   
2                    1.0               0.0               0.0   
3                    1.0               0.0               0.0   
4                    1.0               0.0               0.0   
...                  ...               ...               ...   
317437               0.0               0.0               0.0   
317438               0.0               0.0               0.0   
317439               0.0               0.0               0.0   
317440               0.0               0.0               0.0   
317441               0.0               0.0               0.0   

        store_id_Store_D  store_id_Store_E  store_id_Store_F  \
0                    0.0               0.0               0.0   
1                    0.0               0.0               0.0   
2                    0.0               0.0               0.0   
3                    0.0               0.0               0.0   
4                    0.0               0.0               0.0   
...                  ...               ...               ...   
317437               0.0               0.0               0.0   
317438               0.0               0.0               0.0   
317439               0.0               0.0               0.0   
317440               0.0               0.0               0.0   
317441               0.0               0.0               0.0   

        store_id_Store_G  store_id_Store_H  store_id_Store_I  \
0                    0.0               0.0               0.0   
1                    0.0               0.0               0.0   
2                    0.0               0.0               0.0   
3                    0.0               0.0               0.0   
4                    0.0               0.0               0.0   
...                  ...               ...               ...   
317437               0.0               0.0               0.0   
317438               0.0               0.0               0.0   
317439               0.0               0.0               0.0   
317440               0.0               0.0               0.0   
317441               0.0               0.0               0.0   

        store_id_Store_J  ...  current_temp  station_congestion_index  \
0                    0.0  ...     16.571177                100.966484   
1                    0.0  ...     16.571177                100.966484   
2                    0.0  ...     16.571177                100.966484   
3                    0.0  ...     16.571177                100.966484   
4                    0.0  ...     16.571177                100.966484   
...                  ...  ...           ...                       ...   
317437               1.0  ...     18.186958                116.056328   
317438               1.0  ...     18.186958                116.056328   
317439               1.0  ...     18.186958                116.056328   
317440               1.0  ...     18.186958                116.056328   
317441               1.0  ...     18.186958                116.056328   

        daily_staffing_cost  is_treatment  app_total_pv  is_holiday  month  \
0                  117700.0           1.0           3.0         0.0    9.0   
1                  117700.0           1.0           5.0         0.0    9.0   
2                  117700.0           0.0           5.0         0.0    9.0   
3                  117700.0           0.0           2.0         0.0    9.0   
4                  117700.0           1.0           6.0         0.0    9.0   
...                     ...           ...           ...         ...    ...   
317437             129160.0           0.0           5.0         0.0   11.0   
317438             129160.0           0.0           8.0         0.0   11.0   
317439             129160.0           0.0           3.0         0.0   11.0   
317440             129160.0           1.0           5.0         0.0   11.0   
317441             129160.0           1.0           5.0         0.0   11.0   

         day  day_of_week  absolute_ds  
0        1.0          0.0          1.0  
1        1.0          0.0          1.0  
2        1.0          0.0          1.0  
3        1.0          0.0          1.0  
4        1.0          0.0          1.0  
...      ...          ...          ...  
317437  13.0          3.0         74.0  
317438  13.0          3.0         74.0  
317439  13.0          3.0         74.0  
317440  13.0          3.0         74.0  
317441  13.0          3.0         74.0  

[317442 rows x 25 columns]
2026-06-03 10:07:02,002:INFO:get_config() successfully completed......................................
2026-06-03 10:07:02,054:INFO:Initializing get_config()
2026-06-03 10:07:02,054:INFO:get_config(self=<pycaret.classification.oop.ClassificationExperiment object at 0x308c3f400>, variable=X_test_transformed)
2026-06-03 10:07:02,106:INFO:Variable: X_test returned as         store_id_Store_A  store_id_Store_B  store_id_Store_C  \
317442               1.0               0.0               0.0   
317443               1.0               0.0               0.0   
317444               1.0               0.0               0.0   
317445               1.0               0.0               0.0   
317446               1.0               0.0               0.0   
...                  ...               ...               ...   
394894               0.0               0.0               0.0   
394895               0.0               0.0               0.0   
394896               0.0               0.0               0.0   
394897               0.0               0.0               0.0   
394898               0.0               0.0               0.0   

        store_id_Store_D  store_id_Store_E  store_id_Store_F  \
317442               0.0               0.0               0.0   
317443               0.0               0.0               0.0   
317444               0.0               0.0               0.0   
317445               0.0               0.0               0.0   
317446               0.0               0.0               0.0   
...                  ...               ...               ...   
394894               0.0               0.0               0.0   
394895               0.0               0.0               0.0   
394896               0.0               0.0               0.0   
394897               0.0               0.0               0.0   
394898               0.0               0.0               0.0   

        store_id_Store_G  store_id_Store_H  store_id_Store_I  \
317442               0.0               0.0               0.0   
317443               0.0               0.0               0.0   
317444               0.0               0.0               0.0   
317445               0.0               0.0               0.0   
317446               0.0               0.0               0.0   
...                  ...               ...               ...   
394894               0.0               0.0               0.0   
394895               0.0               0.0               0.0   
394896               0.0               0.0               0.0   
394897               0.0               0.0               0.0   
394898               0.0               0.0               0.0   

        store_id_Store_J  ...  current_temp  station_congestion_index  \
317442               0.0  ...     19.705204                112.491768   
317443               0.0  ...     19.705204                112.491768   
317444               0.0  ...     19.705204                112.491768   
317445               0.0  ...     19.705204                112.491768   
317446               0.0  ...     19.705204                112.491768   
...                  ...  ...           ...                       ...   
394894               1.0  ...     16.552395                136.689957   
394895               1.0  ...     16.552395                136.689957   
394896               1.0  ...     16.552395                136.689957   
394897               1.0  ...     16.552395                136.689957   
394898               1.0  ...     16.552395                136.689957   

        daily_staffing_cost  is_treatment  app_total_pv  is_holiday  month  \
317442             117947.0           0.0           8.0         0.0   11.0   
317443             117947.0           0.0           5.0         0.0   11.0   
317444             117947.0           0.0           5.0         0.0   11.0   
317445             117947.0           0.0           5.0         0.0   11.0   
317446             117947.0           1.0           3.0         0.0   11.0   
...                     ...           ...           ...         ...    ...   
394894             114414.0           0.0           6.0         0.0   12.0   
394895             114414.0           1.0           4.0         0.0   12.0   
394896             114414.0           0.0           6.0         0.0   12.0   
394897             114414.0           1.0           5.0         0.0   12.0   
394898             114414.0           0.0           3.0         0.0   12.0   

         day  day_of_week  absolute_ds  
317442  14.0          4.0         75.0  
317443  14.0          4.0         75.0  
317444  14.0          4.0         75.0  
317445  14.0          4.0         75.0  
317446  14.0          4.0         75.0  
...      ...          ...          ...  
394894   1.0          0.0         92.0  
394895   1.0          0.0         92.0  
394896   1.0          0.0         92.0  
394897   1.0          0.0         92.0  
394898   1.0          0.0         92.0  

[77457 rows x 25 columns]
2026-06-03 10:07:02,106:INFO:get_config() successfully completed......................................
2026-06-03 10:07:02,106:INFO:Initializing get_config()
2026-06-03 10:07:02,106:INFO:get_config(self=<pycaret.classification.oop.ClassificationExperiment object at 0x308c3f400>, variable=y_test)
2026-06-03 10:07:02,106:INFO:Variable: 'y_test' used to return the transformed values in PyCaret 2.x. From PyCaret 3.x, this will return the raw values. If you need the transformed values, call get_config with 'y_test_transformed' instead.
2026-06-03 10:07:02,106:WARNING:/opt/homebrew/Caskroom/miniforge/base/envs/pyc3/lib/python3.10/site-packages/pycaret/internal/pycaret_experiment/pycaret_experiment.py:321: UserWarning: Variable: 'y_test' used to return the transformed values in PyCaret 2.x. From PyCaret 3.x, this will return the raw values. If you need the transformed values, call get_config with 'y_test_transformed' instead.

2026-06-03 10:07:02,115:INFO:Variable:  returned as 317442    1.0
317443    0.0
317444    0.0
317445    0.0
317446    0.0
         ... 
394894    1.0
394895    1.0
394896    0.0
394897    0.0
394898    1.0
Name: is_purchased, Length: 77457, dtype: float32
2026-06-03 10:07:02,115:INFO:get_config() successfully completed......................................
2026-06-03 10:07:27,832:INFO:Initializing plot_model()
2026-06-03 10:07:27,832:INFO:plot_model(plot=feature, fold=None, verbose=True, display=None, display_format=None, estimator=LGBMClassifier(boosting_type='gbdt', class_weight=None, colsample_bytree=1.0,
               importance_type='split', learning_rate=0.1, max_depth=-1,
               min_child_samples=20, min_child_weight=0.001, min_split_gain=0.0,
               n_estimators=100, n_jobs=-1, num_leaves=31, objective=None,
               random_state=42, reg_alpha=0.0, reg_lambda=0.0, subsample=1.0,
               subsample_for_bin=200000, subsample_freq=0), feature_name=None, fit_kwargs=None, groups=None, label=False, plot_kwargs=None, save=False, scale=1, self=<pycaret.classification.oop.ClassificationExperiment object at 0x308c3f400>, system=True)
2026-06-03 10:07:27,833:INFO:Checking exceptions
2026-06-03 10:07:27,900:INFO:Preloading libraries
2026-06-03 10:07:27,910:INFO:Copying training dataset
2026-06-03 10:07:27,910:INFO:Plot type: feature
2026-06-03 10:07:27,912:WARNING:No coef_ found. Trying feature_importances_
2026-06-03 10:07:28,120:INFO:Visual Rendered Successfully
2026-06-03 10:07:28,264:INFO:plot_model() successfully completed......................................
2026-06-03 10:07:28,446:INFO:Initializing interpret_model()
2026-06-03 10:07:28,446:INFO:interpret_model(estimator=LGBMClassifier(boosting_type='gbdt', class_weight=None, colsample_bytree=1.0,
               importance_type='split', learning_rate=0.1, max_depth=-1,
               min_child_samples=20, min_child_weight=0.001, min_split_gain=0.0,
               n_estimators=100, n_jobs=-1, num_leaves=31, objective=None,
               random_state=42, reg_alpha=0.0, reg_lambda=0.0, subsample=1.0,
               subsample_for_bin=200000, subsample_freq=0), use_train_data=False, X_new_sample=None, y_new_sample=None, feature=None, kwargs={'plot_type': 'bar'}, observation=None, plot=summary, save=False, self=<pycaret.classification.oop.ClassificationExperiment object at 0x308c3f400>)
2026-06-03 10:07:28,446:INFO:Checking exceptions
2026-06-03 10:07:28,446:INFO:Soft dependency imported: shap: 0.49.1
2026-06-03 10:07:28,497:INFO:plot type: summary
2026-06-03 10:07:28,497:INFO:Creating TreeExplainer
2026-06-03 10:07:28,576:INFO:Compiling shap values
2026-06-03 10:07:36,072:WARNING:/opt/homebrew/Caskroom/miniforge/base/envs/pyc3/lib/python3.10/site-packages/shap/explainers/_tree.py:586: UserWarning: LightGBM binary classifier with TreeExplainer shap values output has changed to a list of ndarray

2026-06-03 10:07:36,074:WARNING:/opt/homebrew/Caskroom/miniforge/base/envs/pyc3/lib/python3.10/site-packages/pycaret/internal/pycaret_experiment/supervised_experiment.py:4120: FutureWarning: The NumPy global RNG was seeded by calling `np.random.seed`. In a future version this function will no longer use the global RNG. Pass `rng` explicitly to opt-in to the new behaviour and silence this warning.

2026-06-03 10:07:36,211:INFO:Visual Rendered Successfully
2026-06-03 10:07:36,211:INFO:interpret_model() successfully completed......................................
2026-06-03 10:07:36,283:INFO:Initializing interpret_model()
2026-06-03 10:07:36,283:INFO:interpret_model(estimator=LGBMClassifier(boosting_type='gbdt', class_weight=None, colsample_bytree=1.0,
               importance_type='split', learning_rate=0.1, max_depth=-1,
               min_child_samples=20, min_child_weight=0.001, min_split_gain=0.0,
               n_estimators=100, n_jobs=-1, num_leaves=31, objective=None,
               random_state=42, reg_alpha=0.0, reg_lambda=0.0, subsample=1.0,
               subsample_for_bin=200000, subsample_freq=0), use_train_data=False, X_new_sample=None, y_new_sample=None, feature=None, kwargs={}, observation=None, plot=summary, save=False, self=<pycaret.classification.oop.ClassificationExperiment object at 0x308c3f400>)
2026-06-03 10:07:36,283:INFO:Checking exceptions
2026-06-03 10:07:36,283:INFO:Soft dependency imported: shap: 0.49.1
2026-06-03 10:07:36,326:INFO:plot type: summary
2026-06-03 10:07:36,326:INFO:Creating TreeExplainer
2026-06-03 10:07:36,394:INFO:Compiling shap values
2026-06-03 10:07:45,244:WARNING:/opt/homebrew/Caskroom/miniforge/base/envs/pyc3/lib/python3.10/site-packages/shap/explainers/_tree.py:586: UserWarning: LightGBM binary classifier with TreeExplainer shap values output has changed to a list of ndarray

2026-06-03 10:07:45,247:WARNING:/opt/homebrew/Caskroom/miniforge/base/envs/pyc3/lib/python3.10/site-packages/pycaret/internal/pycaret_experiment/supervised_experiment.py:4120: FutureWarning: The NumPy global RNG was seeded by calling `np.random.seed`. In a future version this function will no longer use the global RNG. Pass `rng` explicitly to opt-in to the new behaviour and silence this warning.

2026-06-03 10:07:51,249:INFO:Visual Rendered Successfully
2026-06-03 10:07:51,249:INFO:interpret_model() successfully completed......................................
2026-06-03 10:07:51,448:INFO:Initializing interpret_model()
2026-06-03 10:07:51,448:INFO:interpret_model(estimator=LGBMClassifier(boosting_type='gbdt', class_weight=None, colsample_bytree=1.0,
               importance_type='split', learning_rate=0.1, max_depth=-1,
               min_child_samples=20, min_child_weight=0.001, min_split_gain=0.0,
               n_estimators=100, n_jobs=-1, num_leaves=31, objective=None,
               random_state=42, reg_alpha=0.0, reg_lambda=0.0, subsample=1.0,
               subsample_for_bin=200000, subsample_freq=0), use_train_data=False, X_new_sample=None, y_new_sample=None, feature=None, kwargs={}, observation=None, plot=msa, save=False, self=<pycaret.classification.oop.ClassificationExperiment object at 0x308c3f400>)
2026-06-03 10:07:51,448:INFO:Checking exceptions
2026-06-03 10:07:51,448:INFO:Soft dependency imported: interpret: 0.6.6
2026-06-03 10:07:51,510:INFO:plot type: msa
2026-06-03 10:07:52,219:INFO:Visual Rendered Successfully
2026-06-03 10:07:52,220:INFO:interpret_model() successfully completed......................................
2026-06-03 10:07:53,594:INFO:Initializing get_config()
2026-06-03 10:07:53,594:INFO:get_config(self=<pycaret.classification.oop.ClassificationExperiment object at 0x308c3f400>, variable=X_test_transformed)
2026-06-03 10:07:53,629:INFO:Variable: X_test returned as         store_id_Store_A  store_id_Store_B  store_id_Store_C  \
317442               1.0               0.0               0.0   
317443               1.0               0.0               0.0   
317444               1.0               0.0               0.0   
317445               1.0               0.0               0.0   
317446               1.0               0.0               0.0   
...                  ...               ...               ...   
394894               0.0               0.0               0.0   
394895               0.0               0.0               0.0   
394896               0.0               0.0               0.0   
394897               0.0               0.0               0.0   
394898               0.0               0.0               0.0   

        store_id_Store_D  store_id_Store_E  store_id_Store_F  \
317442               0.0               0.0               0.0   
317443               0.0               0.0               0.0   
317444               0.0               0.0               0.0   
317445               0.0               0.0               0.0   
317446               0.0               0.0               0.0   
...                  ...               ...               ...   
394894               0.0               0.0               0.0   
394895               0.0               0.0               0.0   
394896               0.0               0.0               0.0   
394897               0.0               0.0               0.0   
394898               0.0               0.0               0.0   

        store_id_Store_G  store_id_Store_H  store_id_Store_I  \
317442               0.0               0.0               0.0   
317443               0.0               0.0               0.0   
317444               0.0               0.0               0.0   
317445               0.0               0.0               0.0   
317446               0.0               0.0               0.0   
...                  ...               ...               ...   
394894               0.0               0.0               0.0   
394895               0.0               0.0               0.0   
394896               0.0               0.0               0.0   
394897               0.0               0.0               0.0   
394898               0.0               0.0               0.0   

        store_id_Store_J  ...  current_temp  station_congestion_index  \
317442               0.0  ...     19.705204                112.491768   
317443               0.0  ...     19.705204                112.491768   
317444               0.0  ...     19.705204                112.491768   
317445               0.0  ...     19.705204                112.491768   
317446               0.0  ...     19.705204                112.491768   
...                  ...  ...           ...                       ...   
394894               1.0  ...     16.552395                136.689957   
394895               1.0  ...     16.552395                136.689957   
394896               1.0  ...     16.552395                136.689957   
394897               1.0  ...     16.552395                136.689957   
394898               1.0  ...     16.552395                136.689957   

        daily_staffing_cost  is_treatment  app_total_pv  is_holiday  month  \
317442             117947.0           0.0           8.0         0.0   11.0   
317443             117947.0           0.0           5.0         0.0   11.0   
317444             117947.0           0.0           5.0         0.0   11.0   
317445             117947.0           0.0           5.0         0.0   11.0   
317446             117947.0           1.0           3.0         0.0   11.0   
...                     ...           ...           ...         ...    ...   
394894             114414.0           0.0           6.0         0.0   12.0   
394895             114414.0           1.0           4.0         0.0   12.0   
394896             114414.0           0.0           6.0         0.0   12.0   
394897             114414.0           1.0           5.0         0.0   12.0   
394898             114414.0           0.0           3.0         0.0   12.0   

         day  day_of_week  absolute_ds  
317442  14.0          4.0         75.0  
317443  14.0          4.0         75.0  
317444  14.0          4.0         75.0  
317445  14.0          4.0         75.0  
317446  14.0          4.0         75.0  
...      ...          ...          ...  
394894   1.0          0.0         92.0  
394895   1.0          0.0         92.0  
394896   1.0          0.0         92.0  
394897   1.0          0.0         92.0  
394898   1.0          0.0         92.0  

[77457 rows x 25 columns]
2026-06-03 10:07:53,629:INFO:get_config() successfully completed......................................
